"datetime","nee","temp"
2019-01-01,1.21250065957601,0.485395833333333
2019-01-02,0.698242667180612,-6.76812291666667
2019-01-03,0.723344305215923,-6.10511041666667
2019-01-04,1.37813515946222,-0.15715625
2019-01-06,0.734499457812203,0.259039583333333
2019-01-10,0.708297956506023,-3.34251041666667
2019-01-11,0.543752662683697,-12.6178625
2019-01-12,0.584059452476549,-14.4143979166667
2019-01-13,0.384865567222882,-10.50744375
2019-01-14,0.672163192377004,-10.81409375
2019-01-15,0.7074213026661,-4.38091666666667
2019-01-16,1.03631758347029,-3.33888125
2019-01-17,0.657531699364906,-11.87719375
2019-01-18,0.361935375652577,-10.2987458333333
2019-01-19,0.954453890119107,-7.12777291666667
2019-01-20,0.547261924951025,-10.351775
2019-01-21,0.641195370246321,-18.8437354166667
2019-02-06,0.822200118647871,-0.594885416666667
2019-02-09,0.836534102932459,-6.93492291666667
2019-02-10,0.619755936112431,-7.69524583333333
2019-02-11,0.56988359435517,-7.77454375
2019-02-12,0.795505833338955,-11.3445041666667
2019-02-14,0.73487242787481,-3.6045125
2019-02-16,0.761036561928382,-1.13479166666667
2019-02-17,0.580005899938842,-6.06407291666667
2019-02-19,0.554916050443891,-11.0091708333333
2019-02-20,0.518464047501707,-7.96830833333333
2019-02-22,0.71332534523358,-0.517691666666667
2019-02-25,1.05673841585226,-1.6458625
2019-02-26,0.656027854966887,-11.5344104166667
2019-03-20,0.6712978342902,-1.91117083333333
2019-03-21,1.50609597126644,1.85402916666667
2019-03-23,1.19691383280959,-0.0873458333333333
2019-03-24,0.962795787695907,2.23117291666667
2019-03-25,0.900825689810147,0.129339583333333
2019-03-26,0.783893971770533,-3.06703541666667
2019-03-27,0.860136848749999,-0.921933333333333
2019-03-28,1.15835881226677,1.71795833333333
2019-04-02,0.625006736010925,0.15965625
2019-04-03,0.707109784135978,3.90745
2019-04-04,1.40108459624306,0.376875
2019-04-05,0.623556365901719,0.511541666666667
2019-04-06,0.661094552927031,3.35238958333333
2019-04-07,0.497419861137073,6.43374166666667
2019-04-11,0.143128507861187,1.41759166666667
2019-04-12,0.228824050960227,3.00041041666667
2019-04-13,0.955798424980939,10.64745625
2019-04-14,0.16056264922416,11.7568083333333
2019-04-16,0.0341462476789157,3.1370375
2019-04-17,-0.694494157101456,6.733025
2019-04-18,-0.143985879595953,3.3703375
2019-04-19,-0.324998280212371,8.26953125
2019-04-20,2.51196444995491,16.1577875
2019-04-21,-2.17523301558739,14.33211875
2019-04-22,-2.08787074459071,12.42118125
2019-04-23,-2.71152624171244,10.1056041666667
2019-04-25,-1.67686628157976,8.29035208333333
2019-04-28,-0.95628074018006,4.8387
2019-04-29,-0.826641285266555,4.90307555555556
2019-05-01,-1.47442016341984,8.5102875
2019-05-05,-1.05818085990347,12.5131979166667
2019-05-06,-1.65193068550547,12.5083458333333
2019-05-07,-1.04010758149198,11.26144375
2019-05-08,-0.336687142492739,8.97671458333333
2019-05-09,-1.01542897404694,9.24083541666667
2019-05-11,-1.16478603379466,9.11383125
2019-05-12,-1.39683676858266,9.37766666666667
2019-05-15,-1.6778392705354,6.64438125
2019-05-16,-1.42296635600787,10.85934375
2019-05-18,-0.365199148519362,11.5119020833333
2019-05-19,-0.313532275714427,13.1927458333333
2019-05-21,1.00354351887023,12.1032875
2019-05-22,-1.35957659127061,11.86461875
2019-05-23,-2.32233636128792,12.8458458333333
2019-05-24,0.0899720365664606,13.1854854166667
2019-05-25,-2.38718490822988,14.68028125
2019-05-26,-1.68841538951853,17.1773125
2019-05-27,-3.19157061630217,16.6296979166667
2019-05-28,-0.96602797473236,7.6369125
2019-06-01,-5.33396496160277,13.1402208333333
2019-06-02,-1.86712274213909,12.0955645833333
2019-06-03,-3.61114351684099,12.3972458333333
2019-06-04,-4.32113702972857,11.5773145833333
2019-06-05,-4.2812839662079,12.554025
2019-06-06,-6.32555124222961,17.3637604166667
2019-06-07,-4.80384051285559,17.2307125
2019-06-08,-4.76146569862317,17.8157625
2019-06-09,-3.55620978756748,17.4813916666667
2019-06-10,-5.20679560848943,20.316945
2019-06-12,-6.90286249466987,16.7670583333333
2019-06-15,-4.65655867669265,17.840175
2019-06-16,-1.07967038141776,18.8559854166667
2019-06-17,-7.79597061569054,18.2507708333333
2019-06-18,-5.8659158770142,17.03419375
2019-06-19,-9.09162567768074,18.0652645833333
2019-06-20,3.87324600827569,16.91944375
2019-06-22,-6.08817457257401,18.2653333333333
2019-06-23,-5.51107677806212,20.6277645833333
2019-06-24,-4.31493642140884,20.4240106382979
2019-07-01,-5.49392918885317,19.9468979166667
2019-07-02,-4.08247404990693,23.1995520833333
2019-07-03,-6.82229826164477,22.9627145833333
2019-07-04,-8.99585123065214,23.1772854166667
2019-07-05,-6.51864450658429,23.98401875
2019-07-06,-2.53870886842295,24.6402125
2019-07-07,-7.40309723778149,19.8484375
2019-07-10,-9.75851567996453,23.1560854166667
2019-07-11,-9.26825207417124,19.9739645833333
2019-07-12,-4.37746440091613,19.94983125
2019-07-13,-3.69830647999456,22.5712104166667
2019-07-14,-5.93188411082636,21.3964041666667
2019-07-15,-6.92666434302921,20.2376
2019-07-16,-6.0379259061687,20.4758270833333
2019-07-17,-3.83350117807414,22.4420979166667
2019-07-18,-7.15894059846965,21.6635833333333
2019-07-19,-8.98815757708618,22.1088541666667
2019-07-20,-7.18766785724232,27.4245979166667
2019-07-21,-6.35362563198039,27.0809645833333
2019-07-24,-10.1527496450438,19.30569375
2019-07-25,-9.62118305244637,18.9571625
2019-07-26,-9.35467290853972,20.5147645833333
2019-07-27,-6.79351909797576,21.34694375
2019-07-28,-3.61621543849692,22.4647958333333
2019-07-29,-5.54183180163783,23.1545333333333
2019-07-30,-6.48293186743172,24.2517208333333
2019-07-31,-3.67563735118126,21.5265583333333
2019-08-01,-5.10788100628384,20.6211333333333
2019-08-02,-6.45887246832179,19.9000229166667
2019-08-03,-8.35177139552681,20.0950104166667
2019-08-04,-6.55133805981262,20.8178104166667
2019-08-07,-6.38961869224294,21.1945354166667
2019-08-08,-0.907446281704219,20.50633125
2019-08-09,-2.28949017034662,20.93325
2019-08-10,-7.9166923986794,16.22845625
2019-08-11,-6.7531108975886,16.8783354166667
2019-08-12,-5.48449839312016,21.11235625
2019-08-13,-4.2631147257953,22.0070770833333
2019-08-14,-5.58743571032956,18.6610666666667
2019-08-15,-8.25336262042097,19.0753
2019-08-16,-3.6225200931037,18.3841708333333
2019-08-17,0.0218334689154947,18.9237854166667
2019-08-18,-5.39704015761804,20.4256166666667
2019-08-19,-3.0036828724012,22.95300625
2019-08-20,-0.962205200217387,23.2705958333333
2019-08-21,-1.2293605910479,17.1274208333333
2019-08-22,-7.34751997767474,20.4786541666667
2019-08-23,-5.53535927949349,18.498325
2019-08-24,-4.5147170546388,16.80525
2019-08-25,-6.77953506861401,16.2356666666667
2019-09-14,0.145865910487765,11.0583020833333
2019-09-15,-6.04091120021169,17.0753854166667
2019-09-16,-2.59328423544167,14.28744375
2019-09-19,-5.86385905892732,10.3211333333333
2019-09-20,-5.27586310621926,15.4988708333333
2019-09-21,-2.33918111271295,21.3167125
2019-09-22,-3.94824609235079,19.6946125
2019-09-23,-0.0341422562875785,24.8924104166667
2019-09-24,-0.781546620330184,17.8092625
2019-09-25,-3.12390973264046,14.1616270833333
2019-09-26,-1.94493680204251,12.707725
2019-09-27,-3.07053742191408,14.63553125
2019-09-28,-3.70312561714905,14.3241479166667
2019-09-29,-1.00714394509381,15.58188125
2019-09-30,-5.11868309116806,8.37395531914894
2019-10-02,-1.05095586993931,14.63111875
2019-10-03,-3.29622836621629,7.3717375
2019-10-04,-1.47634634923947,6.65140625
2019-10-05,-1.41983248460781,6.8807375
2019-10-08,-1.98400172373669,12.0036479166667
2019-10-09,-2.24478534806262,8.44577708333333
2019-10-10,-2.44658171367323,10.3267291666667
2019-10-11,-0.665188292689651,11.4569354166667
2019-10-12,3.36387444716998,11.4983125
2019-10-13,-0.508585611782388,12.5491916666667
2019-10-14,-0.310726449297274,9.39122291666667
2019-10-15,1.65007469541478,9.68376739130435
2019-10-16,-0.42583201917551,6.41364791666667
2019-10-18,0.673080779519396,7.434125
2019-10-19,0.452775469790797,6.81011875
2019-10-20,-0.485645053285183,4.63532291666667
2019-10-21,-0.0168848578954271,9.04999166666667
2019-10-30,1.0598340444248,10.0411
2019-11-01,2.8488994054561,12.5282729166667
2019-11-02,1.26893110914747,3.17693333333333
2019-11-03,-1.07240219766105,3.4208125
2019-11-04,-0.775304104310504,3.67409791666667
2019-11-05,2.13280918920531,4.5474125
2019-11-06,0.0736567880937677,5.12770208333333
2019-11-07,0.637061383718517,1.35025625
2019-11-08,1.52826712909587,-2.83550833333333
2019-11-09,0.586392080109224,-2.75106458333333
2019-11-10,0.186331401395556,0.890147916666667
2019-11-11,0.921679140110588,2.70515416666667
2019-11-13,0.890155861542765,-10.7397104166667
2019-11-15,0.494438099215344,-1.24859375
2019-11-16,0.80265974041433,-6.31190208333333
2019-11-17,0.186798157845683,-7.30063958333333
2019-11-18,1.0685145560734,-1.82418125
2019-11-21,-0.10952282833069,2.1182625
2019-11-22,2.38960223417268,0.726327083333333
2019-11-23,0.58962850047991,-1.45417708333333
2019-11-29,0.930692911488596,-2.47502708333333
2019-11-30,0.673995090864813,-7.8958125
2019-12-01,0.524054618139325,-6.19547083333333
2019-12-02,0.616945739131016,-2.68894791666667
2019-12-03,0.740470690655979,-2.30404583333333
2019-12-04,0.867041923661063,-1.17972708333333
2019-12-07,0.631479752876448,-5.47802083333333
2019-12-08,0.792055790088192,-6.44555
2019-12-09,1.1009544118448,1.00159791666667
2019-12-11,0.927450036160832,-1.72583958333333
2019-12-12,0.661060232463902,-5.49904791666667
2019-12-13,1.02343253072674,-6.081575
2019-12-15,0.959369996350987,4.03795416666667
2019-12-16,0.66719963731343,-5.90016595744681
2019-12-17,0.778966654493667,-5.63866041666667
2019-12-18,0.538799878112081,-4.06498125
2019-12-19,1.02758627323564,-12.7616541666667
2019-12-20,0.495408763408049,-11.0162458333333
2019-12-21,0.507177154829842,-7.87998125
2019-12-23,0.793599112139943,2.92356041666667
2019-12-24,1.07779440601963,1.52315208333333
2019-12-25,0.448002461011823,-2.95420833333333
2019-12-28,0.739397392042231,4.43538333333333
2019-12-29,0.601447172230358,0.783360416666667
2019-12-30,0.736024112392068,-3.95375416666667
2019-12-31,0.36684210462353,-2.11229375
2020-01-02,0.501337288433191,-0.153589583333333
2020-01-03,0.201452485324335,1.2564875
2020-01-09,0.490895307733811,-9.13587708333333
2020-01-10,0.484142916564181,-5.27215625
2020-01-11,0.0184617785642686,7.11204375
2020-01-13,0.656776881060681,-5.13514583333333
2020-01-15,0.521047548297784,-0.175616666666667
2020-01-16,0.729545089351888,-1.1410125
2020-01-17,0.833378684098528,-13.3139354166667
2020-01-18,0.951134962805556,-12.45506875
2020-01-19,0.607057342434997,-8.56605625
2020-01-20,0.632336636810158,-10.8779770833333
2020-01-21,0.739567527232017,-9.5569625
2020-01-22,0.791616407622231,-6.2952
2020-01-23,0.356095650596769,-2.05708333333333
2020-01-24,0.560035481073315,0.734091666666667
2020-01-25,1.15378837213013,-0.265008333333333
2020-01-27,0.795773501678329,2.59744791666667
2020-01-28,0.627730863187252,-0.591489583333333
2020-01-29,0.733954215993812,-4.62277083333333
2020-01-30,0.359900125294079,-7.3621375
2020-02-01,0.251756806418543,-0.563175
2020-02-02,0.671336034401716,-0.640202083333333
2020-02-03,1.42328822151451,-0.459879166666667
2020-02-04,0.793905647742191,0.0914625
2020-02-05,0.84299447726852,-1.38831458333333
2020-02-09,0.67644549692484,-12.014625
2020-02-10,0.629128851867412,-3.39769791666667
2020-02-11,0.956986297846943,-1.66129583333333
2020-02-12,0.667929271602028,-0.273947916666667
2020-02-13,0.768638884812241,-0.38271875
2020-02-14,0.819547909746415,-10.5288541666667
2020-02-15,0.449696444121324,-14.5212666666667
2020-02-16,0.416406749619881,-6.75391458333333
2020-02-17,0.498417527854886,-1.90796875
2020-02-18,0.661730894190848,-9.56677291666667
2020-02-19,0.818273827067895,-2.33379166666667
2020-02-20,0.462943568668869,-9.73937727272727
2020-02-21,0.48918194898836,-9.56782916666667
2020-02-22,0.412924052224946,-2.0897
2020-02-23,0.696873953750709,1.65002291666667
2020-02-25,1.729096508864,5.00557083333333
2020-02-28,0.745533830680996,-4.28344791666667
2020-02-29,0.587046194791789,-5.7382
2020-03-01,0.573066325635801,-8.75471875
2020-03-05,0.665666073706391,2.6247875
2020-03-06,0.553713978447749,-0.460102083333333
2020-03-07,0.742879258119555,-1.70796458333333
2020-03-08,0.645929790875693,0.7568
2020-03-09,1.68255090744484,8.09938333333333
2020-03-10,0.158882672594713,6.03928541666667
2020-03-11,-1.20468966189378,3.36264782608696
2020-03-12,0.0127696727544003,-0.4181375
2020-03-14,0.276979332245163,3.54353541666667
2020-03-15,0.55340411563139,-1.12799375
2020-03-16,0.619495144135033,-4.88347045454545
2020-03-17,0.627991659735696,-2.074325
2020-03-18,0.417934654521434,3.8150875
2020-03-21,0.507769144080347,2.30318333333333
2020-03-22,0.587896559951104,-3.99421458333333
2020-03-23,0.810870851424959,-3.74855208333333
2020-03-24,-0.0103612432666067,0.446339583333333
2020-03-25,0.17679555516429,0.190839583333333
2020-03-26,-0.0151434279042059,2.86825
2020-03-27,-0.460130763758913,5.41460625
2020-03-28,-0.568660261816605,5.4025875
2020-03-31,-1.12585323982097,1.80287291666667
2020-04-01,-0.278875686722739,1.75639375
2020-04-02,-0.247571676562129,3.05527916666667
2020-04-04,-1.99520204912963,6.46162291666667
2020-04-05,-1.00762255222578,6.35302916666667
2020-04-06,-0.560563697617328,7.01598541666667
2020-04-07,-0.81378980272941,7.4394125
2020-04-08,-0.816220173615064,5.9715625
2020-04-10,-0.38534825316982,1.32813541666667
2020-04-11,-0.699665531402171,1.61975625
2020-04-12,-1.25414004403592,3.95774791666667
2020-04-14,-0.633458074310092,8.25516666666667
2020-04-15,-1.13805327649268,3.7987875
2020-04-16,-0.474228273775451,0.778775
2020-04-17,-0.682257572501573,1.30907916666667
2020-04-18,-0.671999422010271,1.99079791666667
2020-04-19,-1.10428512184498,5.8966125
2020-04-20,-0.272288866515819,6.46702083333333
2020-04-22,0.255289593913556,-0.86981875
2020-04-23,0.408288399388577,1.31700833333333
2020-04-25,-1.64859419475617,9.31375625
2020-04-26,-0.755724725770915,7.07861666666667
2020-04-28,-1.3269715466813,5.172475
2020-04-29,-1.28347944615544,7.83787708333333
2020-05-02,0.133141076977915,11.0457333333333
2020-05-03,-0.739325641442709,13.0247958333333
2020-05-04,-0.558824064814664,11.3681854166667
2020-05-05,-0.733175972557426,4.97523125
2020-05-06,-1.54294022357331,6.58703125
2020-05-07,-0.84439794025186,9.59592708333333
2020-05-08,-0.999186460491622,6.87726458333333
2020-05-10,-0.591319449197921,3.02593541666667
2020-05-11,-0.315496636677283,7.26826666666667
2020-05-12,-0.425586928196699,4.83587708333333
2020-05-13,-0.678899148111874,5.4516625
2020-05-14,-0.393719729430542,11.3102375
2020-05-15,-0.0146112470692022,12.6598479166667
2020-05-16,0.357417603403146,11.7401770833333
2020-05-17,-0.174275948097821,12.5791583333333
2020-05-18,-1.21087462644062,14.7687875
2020-05-19,-2.07450902898456,12.8383958333333
2020-05-20,-0.969470799149287,13.5056395833333
2020-05-21,-1.94921532529258,17.7879708333333
2020-05-22,-0.755421321949521,21.9252229166667
2020-05-23,-4.38212382263364,18.1639145833333
2020-05-24,-5.5210343125536,11.2834083333333
2020-05-25,-4.91362144240851,11.9023729166667
2020-05-26,-4.13742105399483,19.9051958333333
2020-05-27,-3.69895165308316,23.8280666666667
2020-05-28,-4.79940597749774,22.3402375
2020-05-29,-2.54881633128433,24.1618104166667
2020-05-30,-4.5755481440078,20.1241416666667
2020-05-31,-4.46116392527216,10.6799479166667
2020-06-01,-6.17807807565609,7.83127083333333
2020-06-02,-7.14057696274071,10.3406104166667
2020-06-03,-4.34016497439458,13.58296875
2020-06-04,-6.02570005280457,18.70013125
2020-06-05,-4.98645023531148,21.0374979166667
2020-06-06,-4.72740044646614,20.1241041666667
2020-06-07,-5.80740165865188,14.8015375
2020-06-08,-6.65797188575994,14.8549729166667
2020-06-09,-6.60877376650093,15.9773416666667
2020-06-10,-8.50463923558856,14.8720958333333
2020-06-11,-4.66802860211404,14.84955
2020-06-12,-3.96242391985645,20.0919895833333
2020-06-13,-7.40751773516871,13.1681395833333
2020-06-14,-9.37686561779267,12.3701541666667
2020-06-15,-10.336961761145,15.44449375
2020-06-16,-3.83336439637775,17.0942755555556
2020-06-17,-5.37193470275428,20.1292291666667
2020-06-18,-4.02646960954808,23.1920145833333
2020-06-19,-4.76588745939263,24.6785354166667
2020-06-20,-3.61931190884461,25.6425958333333
2020-06-21,-8.42086855530867,23.723825
2020-06-22,-4.41751712637122,21.8605229166667
2020-06-23,-2.64471398654237,23.7409166666667
2020-06-24,-3.08727199772505,22.57176875
2020-06-25,-8.05542200695068,20.2183520833333
2020-06-26,-8.74715462524979,19.7972375
2020-06-27,-8.19942044857862,19.9082270833333
2020-06-28,-3.7932526138918,19.2792270833333
2020-07-03,0.986825988095235,21.1951604166667
2020-07-04,-5.27171243502182,21.0107125
2020-07-05,-8.08545858506278,20.1753291666667
2020-07-06,-2.70173489734739,20.7280333333333
2020-07-10,-8.57213382968074,23.9145666666667
2020-07-12,-5.55247329002463,24.0416041666667
2020-07-13,-5.88575606839605,21.6415145833333
2020-07-14,-2.99438595396499,17.6176666666667
2020-07-15,-9.03774046122674,17.7211479166667
2020-07-16,-4.64047542864705,17.5231854166667
2020-07-17,-1.05659419176337,15.56895
2020-07-18,-6.45421455650815,21.88546875
2020-07-19,-7.52464716353366,24.7075375
2020-07-20,8.53609563279923,27.661047826087
2020-07-24,-3.27528505777018,22.0820625
2020-07-25,-6.4002192477295,21.5760770833333
2020-07-26,-5.51482137753882,23.1639625
2020-07-27,-2.35787019514405,27.5299708333333
2020-07-30,-3.81450286938904,23.34738125
2020-07-31,-6.23392776141566,21.83295625
2020-08-01,-6.77065107829826,21.6903145833333
2020-08-02,-6.29054084258903,20.6507833333333
2020-08-03,-4.68264294831092,22.5397708333333
2020-08-04,1.4453249710287,19.142225
2020-08-08,-6.51442555550763,20.2202708333333
2020-08-09,-9.78763354006984,22.0491354166667
2020-08-11,-7.2436182544817,24.5760333333333
2020-08-12,-6.40038243304631,25.5674854166667
2020-08-13,-8.80632541722529,22.2346333333333
2020-08-14,-8.16521018586225,21.51735
2020-08-15,-6.70962755718651,18.0665416666667
2020-08-16,-9.38071365554986,16.86799375
2020-08-19,-11.4990967794934,16.9129479166667
2020-08-20,-7.95764438179175,16.33355625
2020-08-21,-6.47496694994836,18.0161875
2020-08-22,-5.74519139205265,18.83245
2020-08-23,-7.65238143942013,18.1426666666667
2020-08-24,-4.07557253098717,21.5794166666667
2020-08-25,0.165721846785551,20.5682395833333
2020-08-26,-3.44952184418191,15.3907083333333
2020-12-08,0.615911952173031,-4.7664625
2020-12-09,0.740645247387959,-4.08621041666667
2020-12-10,0.566711316579713,-0.267033333333333
2020-12-14,0.619444303395251,0.940147916666667
2020-12-16,0.599465759674675,-11.0018208333333
2020-12-17,0.656838953732081,-8.55276458333333
2020-12-18,0.388701706103104,-6.30309791666667
2020-12-20,0.704664740821296,-5.6754625
2020-12-21,0.519606213175604,-2.7783875
2020-12-31,1.04505190632914,1.97799375
2021-01-01,0.362833010823909,-1.83497916666667
2021-01-02,0.722412207431329,-2.24031875
2021-01-03,0.90974880690686,-4.62063541666667
2021-01-08,0.843609781150397,-4.07417708333333
2021-01-09,0.504287527604078,-4.50532916666667
2021-01-10,0.381976433292569,-3.09725625
2021-01-11,0.523792283182052,-4.23141041666667
2021-01-12,0.0453350658161147,-2.92292291666667
2021-01-18,0.701950764335349,-0.784485416666667
2021-01-19,0.671347298896578,-5.76145833333333
2021-01-23,0.616099330256453,-7.93179375
2021-01-24,0.646457596003786,-11.7634354166667
2021-01-25,0.553994879503091,-8.26954791666667
2021-01-26,0.55874413829925,-4.64763958333333
2021-01-27,0.436419349807121,-3.05453125
2021-01-28,0.543387500049701,-3.48363958333333
2021-01-29,0.494971576858814,-13.61009375
2021-01-30,0.414086759422969,-14.3988833333333
2021-01-31,0.269151681883458,-12.1491854166667
2021-02-02,0.40980734463994,-2.11194166666667
2021-02-03,0.303924238143992,-1.84930833333333
2021-02-04,0.375838043804281,-1.43337446808511
2021-02-06,0.930175535510595,-2.94223541666667
2021-02-07,0.687945992895372,-6.5103375
2021-02-08,0.536359744577952,-7.62475833333333
2021-02-09,0.205683937327466,-11.06115
2021-02-10,0.394260650801041,-7.95077291666667
2021-02-11,0.336030273288295,-9.21336041666667
2021-02-12,0.600791029768065,-11.31375625
2021-02-13,0.410159357601495,-8.09170416666667
2021-02-14,0.949996617168384,-6.23511458333333
2021-02-15,0.638395792593574,-5.11045
2021-02-16,0.433361906445735,-3.84440208333333
2021-02-17,0.496123265388237,-7.05602708333333
2021-02-19,0.592120677724952,-6.12200833333333
2021-02-20,0.543385724119836,-5.85331666666667
2021-02-21,0.387098413838562,-6.26625625
2021-02-22,0.871646065048051,-7.91876875
2021-02-23,0.971463104040526,-0.08303125
2021-02-24,0.701375984382384,3.21885833333333
2021-02-25,0.890533971816991,0.767004166666667
2021-02-26,0.552521724425996,-5.31622291666667
2021-02-27,0.41692339049604,-6.68825208333333
2021-02-28,0.694721862740517,3.58357083333333
2021-03-02,0.67594824385963,-12.0603555555556
2021-03-03,0.445084894913602,-4.24502083333333
2021-03-05,0.457685280577879,-10.29541875
2021-03-08,0.545475039365437,-3.51272916666667
2021-03-09,0.966816796528728,-0.0645270833333333
2021-03-10,0.902661524726808,3.26203541666667
2021-03-11,1.22358219444696,6.17853125
2021-03-12,0.958785886474485,12.10470625
2021-03-13,0.699352001022544,-1.35067708333333
2021-03-14,0.788108741595718,-3.08989375
2021-03-15,0.58982637447596,-12.72244375
2021-03-16,0.386774624591118,-6.4746875
2021-03-17,1.10062836179507,1.93924375
2021-03-19,0.647468683491803,-3.54139375
2021-03-20,0.594964182712686,2.5232875
2021-03-21,0.953335961441047,8.28968125
2021-03-22,0.439906481605799,7.59369791666667
2021-03-23,-0.0510719385988669,8.15804791666667
2021-03-24,-0.374084358665279,7.33964583333333
2021-03-27,-0.753442463036137,6.31089166666667
2021-03-29,-0.649528462141034,2.32502708333333
2021-03-30,-0.56779424783142,4.26172291666667
2021-03-31,-0.175579541507994,7.20319375
2021-04-02,0.604601346470656,-3.978075
2021-04-03,-0.018510025530593,-1.10014375
2021-04-04,-0.438736875480427,5.33204791666667
2021-04-05,0.232024670728137,4.50948125
2021-04-06,-0.426364375390019,6.866525
2021-04-07,-0.578866240184821,10.65484375
2021-04-08,-0.511709703345767,13.5188895833333
2021-04-10,-0.2947014115526,14.58854375
2021-04-11,-1.56003635783748,10.5354770833333
2021-04-12,-0.745595113039873,8.44099166666667
2021-04-13,-1.23128245016406,10.8006104166667
2021-04-14,-1.17030011513407,10.80935
2021-04-18,-1.65137683711078,5.20033333333333
2021-04-19,-1.46868709934557,7.51663541666667
2021-04-20,-1.39434128639339,8.08120833333333
2021-04-21,0.494974906485181,6.51146875
2021-04-22,0.672284371284342,-1.764175
2021-04-23,-0.67198930755521,5.04304166666667
2021-04-24,-0.544777637133904,12.7250354166667
2021-04-25,-0.804863143697603,10.0411375
2021-04-26,0.288692573458011,3.14970208333333
2021-04-27,-0.574460796016419,7.87268510638298
2021-04-28,-1.39026892214679,11.5816
2021-05-01,-0.386501493497108,5.65238541666667
2021-05-02,-0.851544219105906,10.48965
2021-05-03,0.174037606558676,11.4253916666667
2021-05-04,-0.112947232124922,10.5594208333333
2021-05-06,-0.894794222959399,9.06522708333333
2021-05-07,-1.58779904565625,8.49279791666667
2021-05-08,-1.81263421368908,8.39863125
2021-05-09,-0.531682239282061,11.0670604166667
2021-05-10,-0.980754285182456,11.4907666666667
2021-05-11,-0.470573576290836,9.66961041666667
2021-05-12,-0.973155919355619,8.36523541666667
2021-05-13,-1.64882782783262,11.73365625
2021-05-14,-0.798608262729645,15.7809854166667
2021-05-17,-2.54269837394905,15.1197583333333
2021-05-18,-3.89415706698073,16.6290125
2021-05-19,-4.28037200003901,19.2218625
2021-05-20,-5.92030404904639,18.33663125
2021-05-21,-2.71318480941442,19.5445479166667
2021-05-22,-3.03096227409624,21.2110291666667
2021-05-23,-2.39418032957702,20.0710020833333
2021-05-24,-5.62118149988962,13.0926145833333
2021-05-25,-4.11562536104649,16.3256333333333
2021-05-26,-0.468791267033494,25.0284333333333
2021-05-27,-4.96499324343298,18.13595
2021-05-28,-5.14987467935961,8.8982125
2021-05-29,-5.59757460060157,7.87126458333333
2021-05-30,-4.36860303635905,7.66413958333333
2021-06-01,-5.99155636098201,15.4508625
2021-06-02,-8.47800768905861,17.7054020833333
2021-06-05,-8.0743361598093,21.4151645833333
2021-06-06,-2.71281376088985,25.5188791666667
2021-06-07,-4.09798657245785,27.1124333333333
2021-06-08,-3.2819048167346,27.0262979166667
2021-06-09,-8.72537946914398,23.65785625
2021-06-10,-4.52721647632972,19.0207604166667
2021-06-12,-8.55284622259643,15.55736875
2021-06-13,-6.74971476742457,19.6780145833333
2021-06-14,-6.91407711481663,15.44048125
2021-06-16,-7.81211015032145,15.6235770833333
2021-06-17,-8.06462381042357,15.67380625
2021-06-18,-8.20749765908643,17.55891875
2021-06-19,-8.27124893708773,21.2531708333333
2021-06-20,-6.40529075751818,21.3058479166667
2021-06-21,-6.4221051435525,21.8236173913043
2021-06-22,-5.54769967227677,19.5507791666667
2021-06-23,-7.36549195729466,14.8478416666667
2021-06-24,-6.38021035760707,15.2657291666667
2021-06-25,-9.99810128005039,15.1657958333333
2021-06-26,-6.76312539973039,19.1967020833333
2021-06-27,-3.16453319888227,26.59743125
2021-06-28,-0.254067191946631,28.1640541666667
2021-06-29,-4.11655721425264,27.49385
2021-06-30,-1.07350684621885,25.13789375
2021-07-06,-6.96218942774758,20.3237645833333
2021-07-07,-5.14754856293616,22.0156041666667
2021-07-08,-0.498040989269661,15.0682916666667
2021-07-10,-5.96437283719147,19.8129354166667
2021-07-11,-10.0244094224586,19.2674291666667
2021-07-12,-9.15992802711338,20.0579708333333
2021-07-13,-2.57939467135282,18.1694666666667
2021-07-15,-5.67121176247176,22.7920145833333
2021-07-16,-7.89092341190791,22.8605854166667
2021-07-17,0.704093881613037,19.4661666666667
2021-07-19,-3.53823560809442,18.4138708333333
2021-07-20,-9.67554877965686,20.6948083333333
2021-07-21,-3.63575374100598,19.0749813953488
2021-07-22,-5.82623438876699,18.6508125
2021-07-23,-7.06157560279694,18.9285916666667
2021-07-24,-6.73754356948246,17.3618083333333
2021-07-26,-10.125403574007,20.8755604166667
2021-07-27,-7.86872128360994,20.50756875
2021-07-28,-4.07119361685316,17.2575083333333
2021-07-29,-5.41311652832604,15.0516854166667
2021-07-30,-8.50106114710037,16.7140333333333
2021-07-31,-4.81715194806762,15.6050541666667
2021-08-01,-8.936844354855,15.9728645833333
2021-08-02,-10.520012935339,16.8430625
2021-08-04,-9.44203232752426,18.4117625
2021-08-05,-6.94665361825017,17.6904708333333
2021-08-06,-6.36049333119029,21.55631875
2021-08-07,-8.28266272891484,21.0652145833333
2021-08-08,-2.52474437027605,22.2264979166667
2021-08-09,-1.50321144544221,20.5821895833333
2021-08-10,-2.94335904110993,21.1080645833333
2021-08-11,-2.54782809274943,23.10015
2021-08-12,-1.15786690005936,25.2881875
2021-08-13,-2.30382315622589,26.77015
2021-08-14,-5.17291916500211,23.1943770833333
2021-08-15,-5.564236129258,19.09335625
2021-08-16,-5.96787725388218,17.10585
2021-08-17,-8.11891800158526,18.4834666666667
2021-08-25,-4.17890767783459,24.8049416666667
2021-08-26,-4.59505264996004,24.5245625
2021-08-27,-2.55941969827562,23.9863354166667
2021-08-28,-1.26034665802385,15.9157604166667
2021-08-30,-3.90739009420694,19.1180083333333
2021-08-31,-4.07546811321918,20.1482604166667
2021-09-01,-5.94556547127381,17.6688833333333
2021-09-03,-4.64032532656051,15.6242458333333
2021-09-04,-3.24349846549097,18.28865625
2021-09-05,-5.46836028548573,13.5353645833333
2021-09-07,-2.18994420883247,17.2339604166667
2021-09-10,-4.54312777054001,16.62779375
2021-09-11,-4.96965929567896,15.9546416666667
2021-09-12,-2.94749367920343,16.4578020833333
2021-09-13,-3.72715125220972,17.85086875
2021-09-16,-6.53322012508635,17.0473333333333
2021-09-17,-4.91377086663281,14.77133125
2021-09-19,-3.04387159608429,16.2672604166667
2021-09-20,-5.25034180841868,14.0352895833333
2021-09-21,-5.05279426663018,14.3847375
2021-09-23,-5.18505341892423,20.2572479166667
2021-09-24,3.59912984120024,20.2372416666667
2021-09-25,-1.83605487182212,15.27389375
2021-09-26,-2.12448294328836,14.4009458333333
2021-09-27,-2.46245641691926,13.78310625
2021-09-28,1.68552490052708,15.605425
2021-10-01,-3.06835495377375,10.7016333333333
2021-10-02,2.25361410390179,9.83092291666667
2021-10-06,-4.76508822297855,14.6622479166667
2021-10-07,-3.06633575591793,14.4659354166667
2021-10-08,-3.16510124944585,15.1607479166667
2021-10-09,0.959070324259719,11.82544375
2021-10-10,-1.48833603545634,10.8997791666667
2021-10-11,-1.05853881909812,12.77860625
2021-10-12,-2.12044770447371,15.8452604166667
2021-10-13,-1.58020928214678,17.1110340425532
2021-10-14,0.390209232312942,18.6575479166667
2021-10-15,1.77642618291496,17.23868125
2021-10-17,0.875109248061914,12.5016708333333
2021-10-18,0.622239043004332,8.62013541666667
2021-10-19,1.24643311985876,7.456125
2021-10-20,0.254700692348285,11.6897958333333
2021-10-21,0.886755405085856,10.7189979166667
2021-10-22,2.69580285689585,11.5273666666667
2021-10-23,0.979233991618357,6.80195833333333
2021-10-24,0.771874893982537,6.03369375
2021-10-27,1.6269385120236,10.0961895833333
2021-10-28,-0.293804427526795,5.36763125
2021-10-29,-0.678168356584372,5.24805625
2021-11-01,1.81446253401433,11.1577645833333
2021-11-02,0.346286531232139,5.81273125
2021-11-03,-0.486817743125935,2.43549583333333
2021-11-04,-0.201642943525857,1.79768541666667
2021-11-05,-0.707487710064688,1.62200625
2021-11-06,-0.0877332521444791,3.23741666666667
2021-11-07,-0.547544163993849,3.70295208333333
2021-11-08,-1.39026409052096,7.57002083333333
2021-11-09,-0.633905087408457,9.30939166666667
2021-11-10,-0.376221452440458,9.43653958333333
2021-11-11,-0.338641445661379,5.40168333333333
2021-11-14,-0.373232057634352,4.45501666666667
2021-11-16,0.313649507256262,1.46043958333333
2021-11-17,0.195269751425934,0.268372916666667
2021-11-18,0.315236755635526,5.0169625
2021-11-19,0.919932066010106,3.90535434782609
2021-11-20,0.212097949922552,1.24596875
2021-11-21,0.157781606628373,0.503427083333333
2021-11-22,1.76094315710115,4.23552291666667
2021-11-23,0.932576302194883,-1.92563125
2021-11-24,1.05635580834523,-3.09648541666667
2021-11-25,0.441794783102072,6.03730416666667
2021-11-26,1.81543683064306,3.73027291666667
2021-11-27,1.27079494527771,-1.37217916666667
2021-11-28,0.73753247373497,-3.7329
2021-11-30,0.687896566205994,-3.79578541666667
2021-12-01,0.569505447724096,-0.774908333333333
2021-12-04,0.656710647732776,-4.33786875
2021-12-05,1.21513076811066,-2.45050208333333
2021-12-07,0.976786874982328,2.19915208333333
2021-12-08,0.827363854897872,-4.83023541666667
2021-12-09,0.527902202841869,-6.28992083333333
2021-12-10,0.717667005759917,-8.23944375
2021-12-12,2.17427915952059,5.14985625
2021-12-13,0.735433869612583,6.14431875
2021-12-14,0.732600601185925,4.39912291666667
2021-12-18,0.389731277025883,-0.0977208333333333
2021-12-19,0.840729576483131,-4.09076041666667
2021-12-20,0.642552139669013,-7.50925833333333
2021-12-21,1.19551987913457,-2.30381666666667
2021-12-22,0.660889131446168,-2.76745625
2021-12-23,0.842070132868062,-6.6095125
2021-12-24,0.673495187408525,-8.38032708333333
2021-12-25,0.694485589302689,-6.739175
2021-12-26,1.35861155884283,-2.13095208333333
2021-12-27,0.673723242976171,-2.53493333333333
2021-12-28,0.709229316440966,-2.63445208333333
2021-12-29,0.597767481705437,0.278295833333333
2021-12-30,0.782427743380519,-0.318385416666667
2022-01-02,0.554947192240558,1.56900833333333
2022-01-03,0.90959542828656,-7.64717291666667
2022-01-04,0.554476504175521,-8.61391304347826
2022-01-05,0.913920373360106,-3.56712083333333
2022-01-06,0.265167404237105,-0.53834375
2022-01-07,0.671130247083975,-3.76922083333333
2022-01-08,0.998417970887685,-9.02321041666667
2022-01-09,0.528530248957415,-6.60286458333333
2022-01-10,0.810956283107977,-4.88953958333333
2022-01-11,0.50153135663699,-17.13755625
2022-01-12,0.592727792046167,-16.3210395833333
2022-01-13,0.444910283255697,-5.84434375
2022-01-14,0.911082254007487,-3.08873333333333
2022-01-15,1.14808388872322,-18.8415791666667
2022-01-16,0.306548504769424,-14.1971208333333
2022-01-17,0.287999421792505,-5.49653541666667
2022-01-18,0.73778554066458,-6.51842083333333
2022-01-19,0.522639567420284,-12.6962895833333
2022-01-20,0.968004678360474,-2.65850416666667
2022-01-23,0.627345372743907,-11.6687979166667
2022-01-24,0.761624813892952,-8.24350625
2022-01-25,0.606659431243821,-7.05177708333333
2022-01-26,0.450250233522536,-10.88269375
2022-01-29,0.489401851993721,-9.4717875
2022-01-30,0.115204916721225,-13.87836875
2022-01-31,0.44889129491536,-9.7001875
2022-02-06,0.889865107700536,-13.8206145833333
2022-02-09,0.76591737499156,0.0203583333333333
2022-02-10,1.14587134106761,-0.530614583333333
2022-02-11,0.956475227779639,3.60007291666667
2022-02-12,1.14915435931118,7.33767083333333
2022-02-13,0.647302130076507,-5.13620625
2022-02-14,-0.615109249752249,-11.1780166666667
2022-02-15,0.426959944136493,-12.9660604166667
2022-02-16,0.556457496116289,-9.31012083333333
2022-02-17,0.916631735860774,8.178725
2022-02-18,0.571710850192814,3.31834583333333
2022-02-19,0.501331266574927,-11.1068333333333
2022-02-20,0.584190476049616,-9.52744166666667
2022-02-21,1.14546065225935,2.19399375
2022-02-22,0.410364680164153,0.537077083333333
2022-02-23,1.12989425626396,7.836125
2022-02-24,0.447529641802299,-8.45345625
2022-02-25,0.659432188839653,-10.3444375
2022-02-26,0.711191622561954,-8.8911625
2022-02-27,0.640406839623054,-4.02930208333333
2022-02-28,0.529749992929243,-11.31914375
2022-03-01,0.627263398975906,-10.4385041666667
2022-03-02,0.598306777393172,-4.64735208333333
2022-03-03,0.881174518527507,-6.69949583333333
2022-03-04,0.444613866415102,-9.83641666666667
2022-03-05,0.509023122294066,-3.15710208333333
2022-03-06,1.15149649478979,3.16426666666667
2022-03-07,0.920746718932384,8.22116041666667
2022-03-08,0.545486240426923,0.432297916666667
2022-03-09,0.749028084150461,-2.93129166666667
2022-03-10,0.680473950385365,2.08233541666667
2022-03-11,0.297810671271333,2.49463125
2022-03-13,0.586615869238646,-6.36147291666667
2022-03-14,0.578041893823061,-1.87244375
2022-03-15,0.514859407205134,5.09572708333333
2022-03-18,-0.274392593666546,11.0086166666667
2022-03-19,0.420425418812354,6.49290416666667
2022-03-20,-0.361524359694801,5.53662916666667
2022-03-21,-0.189505484962742,4.16265208333333
2022-03-22,-0.0600112863365085,-0.15041875
2022-03-23,-1.71071487490928,1.38925625
2022-03-27,-1.34092204713281,2.80453125
2022-03-28,0.532996172023567,-7.57923958333333
2022-03-29,0.271479428001185,-8.07043333333333
2022-03-30,0.173978885986818,-1.56601666666667
2022-03-31,-0.276153819439436,3.25433333333333
2022-04-01,0.515802423006511,6.0857125
2022-04-02,-0.0875506377839264,1.44360625
2022-04-03,-0.497617235190475,2.910625
2022-04-04,-0.440760236927308,4.2555
2022-04-05,-0.691492060070172,6.31121666666667
2022-04-06,-0.434364638594165,6.4046875
2022-04-07,1.79718465651823,4.30636458333333
2022-04-09,0.771655832413268,4.09916875
2022-04-10,-0.517020118510124,4.89767291666667
2022-04-11,0.0655909677294948,6.63160208333333
2022-04-12,-1.7000028492238,9.44227916666667
2022-04-13,-0.294286394684735,9.12271666666667
2022-04-14,0.955891004712962,5.89882083333333
2022-04-15,-0.0245947273657585,9.03266041666667
2022-04-16,0.995049123692802,10.5885979166667
2022-04-17,-0.560617347731569,2.88655625
2022-04-18,-1.10631965626517,6.2084
2022-04-19,0.47261877419619,4.10443333333333
2022-04-20,-0.807368435091098,4.07232916666667
2022-04-21,-1.32142705622991,4.75261458333333
2022-04-22,-0.607881871907913,8.90724583333333
2022-04-23,-0.466944656089516,7.32234791666667
2022-04-24,-1.06754748339316,7.12211666666667
2022-05-03,-0.0380300482263659,8.65131041666667
2022-05-04,1.4037610077754,8.26766458333333
2022-05-05,-0.650794493698493,10.8114416666667
2022-05-06,-1.52550288815007,10.9801375
2022-05-07,-1.75913737073045,7.74545833333333
2022-05-08,-1.47979263555162,7.95146666666667
2022-05-09,-0.860141474557527,10.53028125
2022-05-10,-0.467115034506845,12.5944625
2022-05-12,-1.15335460020604,18.299675
2022-05-13,-0.851250187390558,20.6793104166667
2022-05-14,-0.0294290809528772,23.0078041666667
2022-05-15,-1.94993594103457,17.72473125
2022-05-16,-0.637836784773153,16.5742041666667
2022-05-17,-2.13871648885674,14.7637208333333
2022-05-18,-2.45708236671853,11.051375
2022-05-19,-0.497962174795957,7.39881041666667
2022-05-21,-3.39094555588863,16.49546875
2022-05-22,-4.02736225576185,22.9039270833333
2022-05-23,-2.48609078983583,15.3242791666667
2022-05-24,-6.02534044381879,11.2184604166667
2022-05-25,-5.85484431914586,13.5459958333333
2022-05-26,-8.38615860330371,15.1108479166667
2022-05-27,-5.2133267461765,20.55058125
2022-05-28,-3.14514221600964,20.8079625
2022-05-29,-4.40298785904076,18.2961770833333
2022-05-30,-8.31464630461191,19.56045625
2022-05-31,-3.4450357272049,19.39849375
2022-06-01,-1.75036365590939,11.6968208333333
2022-06-03,-3.55104915959989,13.5128791666667
2022-06-04,-5.87038384193025,15.4765604166667
2022-06-05,-5.11137824467622,15.2994145833333
2022-06-06,-7.65082130669924,16.1371041666667
2022-06-07,-7.13862093540098,17.9696958333333
2022-06-08,-3.40887474685063,18.4836166666667
2022-06-10,-5.10097238928321,15.9835875
2022-06-11,-11.5760639432075,17.4448479166667
2022-06-12,-7.17435047546954,17.9089458333333
2022-06-13,-5.27714011722269,20.2701583333333
2022-06-14,-5.57948505752815,18.6683625
2022-06-15,-7.61124194238748,18.4579604166667
2022-06-16,-7.46474170539868,17.23235
2022-06-17,-3.98280742821419,20.79594375
2022-06-18,-2.43698168658247,13.67773125
2022-06-19,-6.22227136567632,11.19471875
2022-06-21,-9.13145731144434,16.1412541666667
2022-06-22,-2.93363033546131,14.7594041666667
2022-06-23,-7.05189370430366,15.9638479166667
2022-06-24,-6.54935735584006,18.0744479166667
2022-06-25,-7.50303431473407,22.9508020833333
2022-06-26,-6.27896521434605,23.9830791666667
2022-06-27,-3.20314675961454,22.22996875
2022-06-28,-8.05005413270533,18.6065208333333
2022-06-29,-7.42919426950914,17.9727791666667
2022-06-30,-6.57839606748394,18.253175
2022-07-01,-7.5656183250896,20.8078520833333
2022-07-02,-5.24118659117456,22.84871875
2022-07-03,-7.69788429618836,19.4122020833333
2022-07-04,-7.63065847287875,18.6502979166667
2022-07-05,-9.45923234610828,17.21481875
2022-07-06,-1.58719012502001,18.3261545454545
2022-07-07,-8.2469721392487,18.02095
2022-07-08,-11.1129479119241,19.66986875
2022-07-09,-6.07185683206213,19.0589541666667
2022-07-10,-6.41010869260579,17.46146875
2022-07-11,-9.22579779940266,19.9607458333333
2022-07-15,-5.43555301479936,20.27283125
2022-07-16,-6.89109862555568,20.1568708333333
2022-07-17,-4.48295674519779,23.2713416666667
2022-07-18,-4.74083256298216,21.2514729166667
2022-07-19,-2.73597016735445,24.4144041666667
2022-07-20,-3.91875316288525,25.9596229166667
2022-07-21,-7.52012585082602,24.4528666666667
2022-07-22,-3.14017426553292,25.24229375
2022-07-23,-6.67681080939281,23.8688041666667
2022-07-24,-6.40263119831142,24.56748125
2022-07-25,-1.62253812673203,24.20183125
2022-07-26,-4.89505994169921,19.7778333333333
2022-07-27,-4.93237734507357,20.1256
2022-07-28,-7.96106717959079,20.74073125
2022-07-30,-6.75359553782453,19.5452520833333
2022-07-31,-5.38407031280897,21.6149229166667
2022-08-03,-2.92250241885164,22.6613708333333
2022-08-04,-8.64367185144484,23.7925791666667
2022-08-05,-3.36910563246641,22.8293666666667
2022-08-06,-6.62917603572128,24.16015625
2022-08-07,-7.58895961140885,25.2338958333333
2022-08-08,-2.39826386488963,25.4163729166667
2022-08-09,-2.00576135158211,23.3084145833333
2022-08-11,-8.89293576366793,18.6990229166667
2022-08-12,-2.81155529997426,17.9597270833333
2022-08-13,-8.80305715876315,15.9194166666667
2022-08-14,-5.42144659338751,18.9614375
2022-08-21,-6.51030895975496,22.3990895833333
2022-08-22,-2.69378740925782,19.7916145833333
2022-08-24,-5.19661671031576,20.7134375
2022-08-25,-9.7455516341325,20.8385791666667
2022-08-26,-3.8468357392167,17.9203770833333
2022-08-27,-6.5512520222456,18.70629375
2022-08-28,-4.21613422652585,18.0486708333333
2022-08-29,-8.16052680530684,21.3450958333333
2022-08-30,-3.84550342401269,24.3901708333333
2022-08-31,-0.944787923606262,21.4013708333333
2022-09-02,-3.00207879471286,14.9268791666667
2022-09-03,-7.66070188785982,16.7300125
2022-09-04,-6.27699697555547,19.7483958333333
2022-09-07,-5.1202990696491,16.2434479166667
2022-09-08,-9.24560395581289,16.4410791666667
2022-09-09,-7.66083892542549,17.7032333333333
2022-09-10,-4.87148597902812,19.6559770833333
2022-09-11,-6.430419485847,19.8487395833333
2022-09-12,-3.29094767788038,21.2684
2022-09-13,-3.35242687388259,18.2061541666667
2022-09-14,-2.6388677185006,18.29473125
2022-09-15,-0.957788126997198,13.2774333333333
2022-09-16,-2.5735724641214,12.38881875
2022-09-17,-4.02165172828763,12.6688583333333
2022-09-18,-4.20128495380966,14.7253145833333
2022-09-21,-2.96487702300879,13.7835875
2022-09-22,0.418379007773306,12.40176875
2022-09-23,-1.15981426813373,7.92022708333333
2022-09-24,-1.52603609899145,10.1002458333333
2022-09-25,-4.68382439027607,11.9949791666667
2022-09-26,-0.898342478529057,14.22886875
2022-09-27,-1.16505820017985,11.74729375
2022-09-28,-4.82256576034161,12.39498125
2022-10-01,-4.84768290261115,10.3875
2022-10-02,-0.196791656106798,9.83031666666667
2022-10-03,-3.12724311709333,6.13072708333333
2022-10-04,-4.99156117881066,8.41680625
2022-10-05,-3.24114849308516,10.3428145833333
2022-10-06,-1.95444341695165,14.3050270833333
2022-10-07,0.365560031510395,14.7020020833333
2022-10-08,0.684702261538669,7.81240208333333
2022-10-09,-0.992194948334152,5.93241458333333
2022-10-10,-0.803443154581713,5.29683125
2022-10-11,-2.00634684002307,6.45662083333333
2022-10-15,1.88294146574909,13.3614770833333
2022-10-16,-0.674382252918622,11.2169770833333
2022-10-17,-0.883523875890743,8.16615208333333
2022-10-19,-1.10678269761779,7.98863541666667
2022-10-20,-0.499600442680736,4.8991875
2022-10-21,-2.72882172931356,5.83484583333333
2022-10-23,-2.07850599318822,10.9272645833333
2022-10-25,1.25046351653242,15.0084833333333
2022-10-27,2.5335834897245,12.7187125
2022-10-29,-0.655972243252678,6.47054583333333
2022-10-30,-1.02486088775202,9.44500416666667
2022-10-31,-1.33688177079923,10.1856395833333
2022-11-01,-0.370397794192706,12.2846166666667
2022-11-02,2.07529691462532,13.2423854166667
2022-11-03,-0.632782385509893,8.85626041666667
2022-11-04,-0.656276881750961,12.7076125
2022-11-05,0.904175029792707,17.9203583333333
2022-11-06,2.30526815624525,20.1063666666667
2022-11-07,2.65573977361338,18.65934375
2022-11-09,0.296869742415592,3.35891458333333
2022-11-11,0.279135046066904,16.03373125
2022-11-12,2.82729270378835,16.3404145833333
2022-11-13,3.86160508595353,8.24988958333333
2022-11-14,3.1627920906258,-0.733283333333333
2022-11-15,0.674366778313095,-0.745310416666667
2022-11-16,1.24674612071117,-0.427622916666667
2022-11-17,0.264203617186491,0.806022916666667
2022-11-18,0.983374399645824,-1.96863125
2022-11-19,1.78845565922695,-0.2934925
2022-11-21,1.20200146557559,-5.79473333333333
2022-11-22,1.38579403057188,1.42568333333333
2022-11-23,0.232049764021008,0.345672916666667
2022-11-24,0.449210275243527,-1.59526041666667
2022-11-25,1.84893766676928,-1.16867291666667
2022-11-26,3.42437858132112,2.70110833333333
2022-11-27,0.260007928637568,6.90175833333333
2022-11-29,0.734956278492682,-0.584925
2022-11-30,1.51774533392796,0.887620833333333
2022-12-01,2.19733752481332,1.70907708333333
2022-12-02,1.76326945531487,0.00599791666666668
2022-12-04,1.35855329840358,0.9780875
2022-12-06,0.563323956033655,0.846879166666667
2022-12-08,1.32611093958129,5.096525
2022-12-09,0.818970436495424,0.776920833333333
2022-12-10,0.220967568214418,-2.38650833333333
2022-12-11,0.974144662520634,-7.06023958333333
2022-12-12,0.487818007079154,-5.69790416666667
2022-12-13,1.56718108664312,-3.44644375
2022-12-14,2.31939079735299,-5.33388958333333
2022-12-15,0.501845342779439,1.91808125
2022-12-16,0.828320341678792,-0.883970833333333
2022-12-19,2.6543286245344,-1.40839375
2022-12-20,1.69937446045205,-2.36153125
2022-12-21,0.551566781956758,-5.1963625
2022-12-22,0.487644699075229,-4.38031666666667
2022-12-23,1.00493116586832,3.29592708333333
2022-12-24,0.810686613297094,-9.894075
2022-12-25,0.72822492307761,-10.5111479166667
2022-12-26,0.639885067323093,-5.76095
2022-12-27,0.742550415083764,-4.83393541666667
2022-12-28,0.393893587071635,-6.38696458333333
2022-12-31,0.659364892411324,6.22946041666667
2023-01-02,0.216440721836667,3.40033125
2023-01-04,1.15273380669316,2.11441875
2023-01-08,1.31797976965627,-4.8297875
2023-01-09,0.393810267922492,-3.84450625
2023-01-10,1.36388847620662,-3.01134166666667
2023-01-12,0.278128933036349,-6.76019583333333
2023-01-14,0.57572556923007,-1.0479875
2023-01-15,0.390276370065168,-1.24858333333333
2023-01-16,0.479188858636432,-1.30060625
2023-01-17,1.91572001382779,1.15245833333333
2023-01-18,0.991179213321833,3.99005208333333
2023-01-21,0.891700133720922,-3.85886666666667
2023-01-23,1.24825722985842,-3.17219791666667
2023-01-24,1.75599689297183,-0.673897916666667
2023-01-25,0.889728048553409,-2.39308958333333
2023-01-26,1.03900383438987,-1.61869375
2023-01-27,0.619635166569601,-3.26861458333333
2023-01-28,1.13965529627393,-0.367354166666667
2023-01-29,0.715769979254047,-1.6457375
2023-01-30,1.14676311708892,2.21108125
2023-01-31,1.22092179834775,-4.82359791666667
2023-02-03,0.690711899921892,-13.7460875
2023-02-04,0.560034569376871,-24.9036666666667
2023-02-05,1.33022894670911,-12.601075
2023-02-06,0.490402591785105,-0.717647916666667
2023-02-07,0.39711342860356,-5.31942045454545
2023-02-08,0.629341123273169,0.13435
2023-02-09,0.875974445328139,1.79054791666667
2023-02-11,0.847754413859308,0.51106875
2023-02-12,0.363837034424108,0.595554166666667
2023-02-13,0.816716135088059,-0.660058333333333
2023-02-14,0.858570765516961,0.99705
2023-02-15,0.979800350729335,0.486414583333333
2023-02-16,0.898585703789947,9.42188333333333
2023-02-17,1.67470464086143,2.31765
2023-02-18,0.593764660072253,-5.84134791666667
2023-02-19,0.866407208527939,0.26675
2023-02-20,1.04025247113444,1.87507291666667
2023-02-21,0.864538004744811,-0.013175
2023-02-22,0.662756406862827,-0.645729166666667
2023-02-23,0.736822764091363,-6.71551875
2023-02-24,0.787692944024895,-9.20153541666667
2023-02-25,0.728770342152105,-13.3473625
2023-02-27,0.705747536822876,-6.02007916666667
2023-02-28,0.684342703546803,-5.61277291666667
2023-03-01,0.672808570491936,-1.13350416666667
2023-03-02,0.542658529705156,-0.501989583333333
2023-03-03,1.01159125333509,0.518520833333333
2023-03-04,0.838851106040291,-1.7262875
2023-03-05,0.755853000069593,-0.900672916666667
2023-03-06,0.867736477223766,1.1603375
2023-03-07,0.70374662691539,-2.21784791666667
2023-03-08,0.72225602040151,-1.49575416666667
2023-03-09,0.671346208148037,0.109997916666667
2023-03-10,0.813584192256354,1.66984583333333
2023-03-11,0.903559426652618,0.949141666666667
2023-03-12,0.685636331826905,0.9038375
2023-03-13,0.729682578741482,0.56619375
2023-03-15,0.612288404512752,0.253629166666667
2023-03-16,0.522815866764021,1.34705833333333
2023-03-17,1.44465107134237,2.636275
2023-03-19,1.00303198190836,-2.5377875
2023-03-20,0.324455099096673,-0.691825
2023-03-21,0.685771979545709,4.04195416666667
2023-03-22,0.938547403223854,3.40085208333333
2023-03-23,0.644034534076021,1.72910208333333
2023-03-24,-0.00801646906069183,3.63503333333333
2023-03-25,0.240037129015135,-1.06435208333333
2023-03-26,0.211154237610672,1.0465125
2023-03-27,-0.0236720987887876,5.36654166666667
2023-03-28,-0.247863734746394,2.707825
2023-03-29,-0.268974269099641,2.69261041666667
2023-03-30,1.09378468545695,-2.24601458333333
2023-03-31,0.276996444244214,-0.798127083333333
2023-04-01,0.0890330608112668,1.42201875
2023-04-02,0.226290921644678,1.40096875
2023-04-03,0.297360564214827,0.67729375
2023-04-04,0.487219249591173,5.21340416666667
2023-04-05,-0.267757921436504,2.78334375
2023-04-06,-0.570803745156908,2.47815833333333
2023-04-07,-0.570571127561763,6.59906458333333
2023-04-08,0.0253433045563664,0.294925
2023-04-09,-0.367092889856348,2.6051375
2023-04-10,-0.894256617369199,5.40116129032258
2023-04-11,-1.13676416602444,NA
2023-04-12,-0.308461618501222,NA
2023-04-13,-0.631034855357342,NA
2023-04-14,-1.20088242657742,NA
2023-04-15,-1.50222121864745,NA
2023-04-16,-1.92375757159123,NA
2023-04-19,-1.39512555692699,NA
2023-04-20,-0.858943983884545,NA
2023-04-21,-1.74469178102328,NA
2023-04-22,-1.63924389158266,NA
2023-04-23,0.974989807584083,NA
2023-04-26,-2.20144803584488,5.81889583333333
2023-04-27,-1.3939252466655,7.19352083333333
2023-04-28,-1.80037177530611,8.43527291666667
2023-04-29,-1.65443586185223,8.18247291666667
2023-04-30,1.05616960442123,5.28769166666667
2023-05-02,-0.673341521961569,6.02379583333333
2023-05-03,0.784584989993681,5.54465208333333
2023-05-04,-0.725988931857626,5.03888541666667
2023-05-05,-2.13954663412041,9.29240625
2023-05-06,-0.0496517515556653,14.4725708333333
2023-05-07,0.444395297734494,16.9072166666667
2023-05-08,-0.366890361473567,14.6940083333333
2023-05-09,-2.1751497198794,8.54582916666667
2023-05-10,-2.09584788121675,11.7699166666667
2023-05-11,-0.9941499095596,17.53460625
2023-05-12,-3.19223795432626,17.02174375
2023-05-13,-1.68271543341845,16.1238875
2023-05-14,-2.02128796443697,9.51042083333333
2023-05-15,-2.23005237524182,14.3564375
2023-05-16,-2.981235680878,17.2889604166667
2023-05-17,-1.78376373763663,5.45311666666667
2023-05-18,-2.68361531998494,6.93961458333333
2023-05-19,-5.9516483423357,11.2829979166667
2023-05-20,-2.6079314845898,14.3536166666667
2023-05-21,-4.70669368286345,14.915075
2023-05-22,-3.95345456650056,14.209975
2023-05-23,-6.73595749476017,12.7217479166667
2023-05-24,-3.95832233845962,10.3190125
2023-05-25,-4.49092863930035,9.59234375
2023-05-26,-6.82136526683943,11.3773208333333
2023-05-27,-3.58748516882422,17.1557395833333
2023-05-28,-1.72075507636406,23.72598125
2023-05-29,-7.51146751772873,18.67456875
2023-05-30,-4.59406933106199,15.63895
2023-05-31,-4.67402908779219,20.06703125
2023-06-01,-6.12131224333748,23.0527166666667
2023-06-02,-9.85223980579359,22.113275
2023-06-03,0.742398102860856,11.45826875
2023-06-04,-4.09405373375882,8.46158541666667
2023-06-05,-4.73965977416424,10.9425791666667
2023-06-06,-7.51109666880052,13.5109729166667
2023-06-07,-3.5006581587745,11.25025
2023-06-08,-8.11434691273046,10.73354375
2023-06-09,-9.56645765791554,11.1374645833333
2023-06-10,-8.98625032158813,12.6007833333333
2023-06-11,-7.14294901032448,16.80318125
2023-06-12,-10.3771082735996,18.380775
2023-06-13,0.460643679182934,15.9475020833333
2023-06-14,-6.76283742209915,17.1736541666667
2023-06-15,-7.56711332878556,16.123075
2023-06-16,-5.10167916196397,18.26385625
2023-06-17,1.93976421139236,14.7813541666667
2023-06-18,-6.21037871851009,14.2195979166667
2023-06-19,-6.31815836815713,14.5466638297872
2023-06-20,-7.24736099674232,16.6578770833333
2023-06-21,-6.08183840684325,16.6381833333333
2023-06-22,-6.39267617572937,17.8070770833333
2023-06-23,-6.51349592588497,19.3771625
2023-06-24,-3.41427340404621,20.3513458333333
2023-06-25,-6.48719886735895,21.84836875
2023-06-26,1.65668162222214,19.4018854166667
2023-06-27,-3.09651814981825,18.1958583333333
2023-06-28,0.510591997857392,18.6646166666667
2023-06-29,-8.68089660664972,19.95531875
2023-06-30,-6.53223406494633,19.8468104166667
2023-07-01,-8.55044656782377,20.0194979166667
2023-07-02,3.07341291695323,17.8377416666667
2023-07-03,-6.18690444334591,18.72556875
2023-07-04,-6.70713336267262,20.8429520833333
2023-07-05,-5.0836109984223,23.85715
2023-07-06,-4.97403410840746,24.6272375
2023-07-07,-8.88004040147881,24.3567625
2023-07-08,-5.35752751668174,22.3020875
2023-07-09,-0.683683910328309,21.4174104166667
2023-07-10,5.20561339177361,19.1756895833333
2023-07-11,-8.57278196008795,21.0769125
2023-07-12,-8.64920077132671,22.0386729166667
2023-07-13,-9.99591983138744,21.54171875
2023-07-14,-5.83760239122852,20.5930354166667
2023-07-15,-5.77177891822447,23.2460708333333
2023-07-16,3.45678260505091,21.89229375
2023-07-17,-4.11317600710903,23.6356375
2023-07-18,-5.68938348767349,21.0391166666667
2023-07-19,-7.28355215068919,21.6446708333333
2023-07-20,-7.00926367951895,20.1297645833333
2023-07-21,-2.75917208548275,17.3696583333333
2023-07-22,-6.80427260854369,19.4673916666667
2023-07-23,-6.63834493404799,21.28455625
2023-07-24,-8.27981262381845,20.5775979166667
2023-07-25,-7.81185701584946,20.8290729166667
2023-07-26,-7.87729588297367,22.5640791666667
2023-07-27,0.23696898635748,20.3059166666667
2023-07-28,-1.77638879233792,24.2529708333333
2023-07-29,-3.71967349912623,22.81308125
2023-07-30,-7.10854719620917,16.4637875
2023-07-31,-9.99695405792628,16.9815208333333
2023-08-01,-7.37129212040732,15.6368854166667
2023-08-02,-7.99556121545033,16.3304645833333
2023-08-03,-8.15540040085843,16.18604375
2023-08-04,-2.51151407589917,17.5083895833333
2023-08-05,-5.34142273163301,19.0199208333333
2023-08-06,-6.99906632336781,19.2342895833333
2023-08-09,-1.18925787899493,20.8985375
2023-08-10,-7.4478774364522,21.4275354166667
2023-08-11,-3.26097355920729,18.9763804347826
2023-08-12,-7.14351981055024,19.6437458333333
2023-08-13,-4.70568598866252,20.4890020833333
2023-08-14,-6.23045065962698,20.2538638297872
2023-08-15,-3.16611390639768,17.3308375
2023-08-16,-3.87359284982746,18.18124375
2023-08-17,1.70624286319925,18.1975604166667
2023-08-18,3.02428957922328,18.1595958333333
2023-08-19,-7.83807893582797,16.6580770833333
2023-08-20,-6.14896274332832,19.6993104166667
2023-08-21,-7.58513050786768,21.2189354166667
2023-08-22,-7.29169832380281,17.46485
2023-08-23,-5.43981020855702,16.7810375
2023-08-24,-6.08349386411451,17.1804875
2023-08-25,0.516530174660906,14.073125
2023-08-29,-6.79190793310678,19.23291875
2023-08-31,-3.82113982741438,15.7774854166667
2023-09-01,-7.06924550532675,15.1602770833333
2023-09-02,-4.40694586124489,16.7314
2023-09-03,-6.44452680392432,20.7682
2023-09-04,-6.56335819699024,21.6409979166667
2023-09-05,-5.00525491436076,24.41376875
2023-09-06,-5.55479582469129,24.9272595744681
2023-09-07,-2.72406260357539,25.1829895833333
2023-09-08,-5.0080145898055,22.0563583333333
2023-09-09,-5.89259645932841,21.04315625
2023-09-10,1.68506105979342,17.6877770833333
2023-09-11,0.176684065306299,18.1168541666667
2023-09-12,-0.873352857005826,18.870975
2023-09-13,1.15485443931004,18.5046458333333
2023-09-14,-0.870709107625408,16.7203291666667
2023-09-15,-3.80473476864638,14.39408125
2023-09-16,2.05598331857259,15.9055041666667
2023-09-17,-2.57187273007761,18.07260625
2023-09-18,3.20615834516307,13.7270958333333
2023-09-20,-3.71203655570742,15.4588604166667
2023-09-21,-5.10743784714982,15.2446083333333
2023-09-22,-7.09142585835323,13.2627875
2023-09-23,-6.46950041934526,12.4164833333333
2023-09-24,-3.30352452607933,12.6862979166667
2023-09-25,-4.04817373948619,13.2932375
2023-09-26,-2.13619283042516,12.9809104166667
2023-09-27,-6.07750075436417,11.6664854166667
2023-09-28,-6.20598388191623,11.8491895833333
2023-09-29,-3.11241698986362,11.2743104166667
2023-09-30,-4.16077655135289,14.2517770833333
2023-10-01,-4.57513111596183,16.5255083333333
2023-10-02,-3.72039359235996,16.6915833333333
2023-10-03,-2.42699734989133,19.84841875
2023-10-04,-1.79837378717094,20.8344729166667
2023-10-05,-2.86570244757717,18.7218875
2023-10-06,2.39143674342431,15.0300979166667
2023-10-07,0.613927832972269,16.6157166666667
2023-10-08,-1.12407944177433,11.5798541666667
2023-10-09,-2.03454081692552,8.14532083333333
2023-10-11,-1.50529825110876,8.77823958333333
2023-10-12,-1.74575746778131,8.715925
2023-10-13,0.977494698006707,8.60664583333333
2023-10-14,-0.621935952307445,10.3891791666667
2023-10-15,-0.158392761611918,9.41481666666667
2023-10-16,0.770582450192394,9.588625
2023-10-17,0.577654053914486,9.55967916666667
2023-10-21,5.27328204291863,12.2360916666667
2023-10-22,1.56130737870828,8.88733541666667
2023-10-23,0.458401357621314,6.9745125
2023-10-24,0.471788888582412,3.63041041666667
2023-10-26,2.05753201580686,17.22755625
2023-10-28,5.06183848168764,19.96844375
2023-10-29,1.39790892851348,6.98005833333333
2023-10-30,2.49405824033736,3.77245625
2023-10-31,0.165658535981512,2.2415375
2023-11-01,-0.176227241689509,-0.645260416666667
2023-11-02,0.0149801259720239,1.12391458333333
2023-11-03,-0.33732675942914,2.93405416666667
2023-11-04,0.923645920391261,10.7255729166667
2023-11-05,0.5060757346338,8.02320625
2023-11-06,-0.505549824849963,2.423875
2023-11-07,0.883726585828917,6.55410625
2023-11-08,1.14834699949043,0.51436875
2023-11-09,1.13529048463875,-0.83235
2023-11-10,0.874813733039432,2.24211875
2023-11-11,0.252654810815471,1.8475625
2023-11-12,0.288514009745655,-0.921920833333333
2023-11-13,0.119332631506683,-2.72201458333333
2023-11-14,0.848369565422592,0.16925
2023-11-15,-0.409524736558589,2.2611
2023-11-16,-0.65876129953555,5.18355416666667
2023-11-17,0.314435884757075,5.1041125
2023-11-18,1.04759436403631,7.22209166666667
2023-11-19,0.127836205796249,1.056375
2023-11-20,0.785587481474965,-1.72646666666667
2023-11-21,0.288297751817346,-3.60089583333333
2023-11-22,0.69297530759622,-0.7816625
2023-11-23,0.0733233713949821,3.63783958333333
2023-11-24,0.476175769314174,1.58070625
2023-11-25,0.603991494008621,-4.80310416666667
2023-11-28,0.57324696099609,-0.83349375
2023-11-29,0.630784424383085,-4.637325
2023-11-30,0.176478811070626,-2.62388125
2023-12-01,2.06189545959583,4.2808625
2023-12-02,1.13070939772049,3.23620208333333
2023-12-06,1.34631350724627,-6.80521458333333
2023-12-07,0.965340201074114,-8.34144791666667
2023-12-08,0.611751596999,-2.443225
2023-12-09,0.372187695067646,-1.686075
2023-12-12,0.345560965149121,-0.417075
2023-12-13,0.478697720920633,0.773458333333333
2023-12-14,0.624106968325522,-5.29618333333333
2023-12-15,0.777332487131671,2.780425
2023-12-16,0.662872082832391,6.03099791666667
2023-12-17,0.241619481222633,-0.02695
2023-12-19,0.633816239124424,5.17579583333333
2023-12-20,0.650887116430004,-0.38865625
2023-12-21,0.625678006640382,-4.01780833333333
2023-12-22,0.397110720274409,-5.26090416666667
2023-12-23,0.345993499206691,-4.97160208333333
2023-12-27,1.42494147702264,2.899175
2023-12-31,0.718217076125341,-2.99572291666667
2024-01-01,0.48016062454762,-5.38650416666667
2024-01-02,0.398961518544918,-3.56984583333333
2024-01-03,0.586619932501298,0.0818041666666667
2024-01-04,1.31366191222862,-1.95063333333333
2024-01-05,0.365121065100885,-9.01174583333333
2024-01-06,0.291800917167863,-3.357125
2024-01-07,0.358196455857027,-7.42467916666667
2024-01-08,0.27571658741619,-4.93641458333333
2024-01-09,0.763611873330234,-4.4342375
2024-01-10,0.747335783356283,1.56525625
2024-01-11,0.6219792499769,2.040375
2024-01-12,0.62059288552466,-0.281429166666667
2024-01-13,0.76342482355353,-0.8618375
2024-01-14,0.584636733553932,-0.674439583333333
2024-01-15,0.778501636306964,-5.86761458333333
2024-01-17,0.864161347818762,-7.995725
2024-01-18,0.51507917581173,-7.69109166666667
2024-01-19,0.48303211537979,-8.69816458333333
2024-01-20,0.61202626503819,-12.44568125
2024-01-21,0.662696706204405,-10.8927041666667
2024-01-22,0.603124000062548,-3.24793958333333
2024-01-23,0.568523982203925,0.0815479166666667
2024-01-24,0.726519703352176,-4.000875
2024-01-26,0.358838177450976,0.17609375
2024-01-29,0.491572068478532,-0.839283333333333
2024-02-03,0.61425282708209,-3.54298541666667
2024-02-04,0.4877437594187,-3.72884791666667
2024-02-05,0.407713756432091,-3.51378541666667
2024-02-06,0.467899714706801,-3.14851458333333
2024-02-07,0.247866976005356,-1.93823958333333
2024-02-08,0.658187850180241,1.53016666666667
2024-02-09,0.896805753476215,-0.653077083333333
2024-02-10,0.725140426650986,3.96233541666667
2024-02-11,0.706722387492036,5.04560833333333
2024-02-12,0.722574080839619,1.73259375
2024-02-13,0.658878012832614,-0.26751875
2024-02-14,0.947694709854404,-6.17689583333333
2024-02-17,0.938202439678807,-5.25469791666667
2024-02-18,0.830540964819815,-8.73927291666667
2024-02-19,0.441671830122522,-5.64917083333333
2024-02-20,0.651062350339616,-8.16975625
2024-02-21,0.535211599566365,-5.970775
2024-02-22,0.495264761747244,-3.34793125
2024-02-23,1.14139243613964,1.293875
2024-02-24,0.745617719928007,-3.13839166666667
2024-02-25,0.788719740225234,-8.04756458333333
2024-02-26,0.396995044971816,-1.43308125
2024-02-27,0.634068087192386,2.89605416666667
2024-02-29,1.34023426365812,-3.25943958333333
2024-03-01,0.433036323222641,-6.99898958333333
2024-03-02,0.787789569927542,0.748689583333333
2024-03-04,-0.0250025903851927,4.69939375
2024-03-07,-0.610562886339288,5.72900833333333
2024-03-08,-0.436037220954544,3.45900625
2024-03-09,0.0227840944471618,0.114866666666667
2024-03-19,-0.108559807255881,-0.0599416666666667
2024-03-20,0.150282487848582,0.45685625
2024-03-21,2.77539398501131,-4.26990952380952
2024-03-22,0.662209433234434,-5.92255208333333
2024-03-23,0.573744109508667,-5.03006041666667
2024-03-24,0.656005528060956,-3.09744791666667
2024-03-25,0.41126111581651,-1.92878958333333
2024-03-29,0.657832259495227,4.45458125
2024-04-01,-0.965136159239678,4.93745833333333
2024-04-02,-1.03410015746942,5.23264375
2024-04-03,-0.451524443165557,1.95577708333333
2024-04-09,-1.14138553397971,12.31246875
2024-04-10,-0.545509106386258,3.55588125
2024-04-13,-1.25049170448678,9.44750625
2024-04-14,-0.793273979185109,6.59642916666667
2024-04-15,-1.37993887135147,7.52686875
2024-04-18,-1.30021587820071,6.67475625
2024-04-19,-3.10178423180385,7.35662083333333
2024-04-20,0.0218632796334441,8.36496666666667
2024-04-21,-1.2359349264597,5.30229583333333
2024-04-22,-0.755434604947993,4.14468333333333
2024-04-23,-1.86766637409884,6.13128125
2024-04-24,-1.12633204998081,5.3195375
2024-04-25,-0.334164210847477,1.13487083333333
2024-04-26,-1.52806799100989,5.26736875
2024-04-27,-1.68915937775297,8.33631458333333
2024-04-29,-1.94808930869302,13.0602729166667
2024-04-30,-1.84884887815385,9.08020625
2024-05-01,-0.822529612623891,7.35676041666667
2024-05-04,-1.97742351616593,10.025875
2024-05-06,2.54313001914041,11.18165625
2024-05-07,-0.563000310269117,15.0296583333333
2024-05-08,-0.426658137615049,10.1737541666667
2024-05-09,-0.74512466936762,9.92551666666667
2024-05-10,-2.31042343026355,9.54020416666667
2024-05-11,-2.69915450117749,8.602175
2024-05-12,-3.09358448156426,9.22444791666667
2024-05-13,-2.34884532253074,12.41015
2024-05-14,-0.212569963248052,14.651775
2024-05-15,-4.44391400868879,16.4611630434783
2024-06-04,-8.25084128333473,18.7566458333333
2024-06-05,-6.68517322112956,18.7532458333333
2024-06-06,-8.28630692146445,18.9936208333333
2024-06-08,-10.6296855906373,15.61180625
2024-06-10,-8.09488208267932,14.01678125
2024-06-11,-7.90472997974012,15.4347166666667
2024-06-12,-8.5597344319407,16.8201854166667
2024-06-13,-7.0115553046729,18.5873395833333
2024-06-14,-9.52578744937656,20.98511875
2024-06-15,-5.56589307415276,17.11104375
2024-06-16,-5.8852431644336,15.0183791666667
2024-06-17,-8.54074471222223,17.718325
2024-06-18,-9.17206139928767,23.6451125
2024-06-19,-3.96626356843863,25.24634375
2024-06-20,-4.55568940287308,27.68853125
2024-06-21,0.179237435758385,20.378975
2024-06-24,-5.64723216274393,21.4490604166667
2024-06-25,-5.28227819172548,22.139475
2024-06-26,-7.45866095554195,23.2913166666667
2024-06-27,-8.19877660714674,19.5151125
2024-06-28,-5.77450939335869,15.47936875
2024-06-29,-2.02654372956512,13.68159375
2024-07-01,-8.60224296735125,NA
2024-07-03,-8.61226112424372,NA
2024-07-04,-10.5192904269831,NA
2024-07-05,-7.19607236910068,NA
2024-07-07,-8.266340879061,NA
2024-07-08,-7.48178011986853,NA
2024-07-09,-12.6098024493936,NA
2024-07-10,-7.88653839066331,NA
2024-07-12,-6.25860009647015,NA
2024-07-13,-9.49100635366087,NA
2024-07-14,-5.56520836115956,NA
2024-07-15,-8.12376122078878,NA
2024-07-16,-6.58579402981913,NA
2024-07-17,-5.21927640361823,NA
2024-07-18,-3.36886063412024,NA
2024-07-19,-5.0700961905676,NA
2024-07-20,-8.51175526136291,NA
2024-07-21,-11.0713101510881,NA
2024-07-22,-7.35430420689219,NA
2024-07-25,-8.38372275897554,NA
2024-07-26,-5.85704211662999,NA
2024-07-27,-6.96447818059713,NA
2024-07-28,-9.56788004703369,NA
2024-07-29,-5.92571918101843,NA
2024-07-30,-5.01094974128199,NA
2024-08-01,-8.42624071058206,NA
2024-08-02,-3.8175474667703,NA
2024-08-03,-9.20293917098989,NA
2024-08-04,-6.61671239438654,NA
2024-08-07,-6.73820116166272,NA
2024-08-08,-9.52714603561213,NA
2024-08-10,-3.53116609127404,NA
2024-08-11,-5.68546401367731,NA
2024-08-12,-9.56768819313112,NA
2024-08-13,-6.77197860710684,NA
2024-08-14,-8.96002479375367,NA
2024-08-15,-4.61397033747283,NA
2024-08-16,-6.47316096438861,NA
2024-08-17,-6.64045651567142,NA
2024-08-20,-9.38508231536241,NA
2024-08-21,-7.15527441075208,NA
2024-08-22,-7.0992398854514,NA
2024-08-23,-6.50848307923411,NA
2024-08-24,-7.41074682329319,NA
2024-08-25,-4.15362180995981,NA
2024-08-26,-1.61735655448888,NA
2024-08-27,-7.32917634357852,NA
2024-08-28,-3.66834229486753,NA
2024-08-29,-5.60575481162192,NA
2024-08-30,-7.24162098166551,NA
2024-08-31,-1.7862321334875,NA
2024-10-02,-1.97464887056373,NA
2024-10-05,-1.50709363383977,NA
2024-10-06,-3.06988325669352,NA
2024-10-07,2.06785518153604,NA
2024-10-08,-0.82448157906222,NA
2024-10-09,-1.70701365911536,NA
2019-01-05,NA,-0.34030625
2019-01-07,NA,-10.0149652173913
2019-01-08,NA,-8.78115
2019-01-09,NA,-1.28540208333333
2019-01-22,NA,-18.5794954545455
2019-01-23,NA,NA
2019-01-24,NA,NA
2019-01-25,NA,NA
2019-01-26,NA,NA
2019-01-27,NA,NA
2019-01-28,NA,NA
2019-01-29,NA,NA
2019-01-30,NA,NA
2019-01-31,NA,-13.7957125
2019-02-01,NA,NA
2019-02-02,NA,NA
2019-02-03,NA,NA
2019-02-04,NA,9.78866875
2019-02-05,NA,7.70996458333333
2019-02-07,NA,-1.88902916666667
2019-02-08,NA,1.37815416666667
2019-02-13,NA,-4.03762916666667
2019-02-15,NA,-6.09912083333333
2019-02-18,NA,-6.93064583333333
2019-02-21,NA,-3.9293625
2019-02-23,NA,-1.69704166666667
2019-02-24,NA,-2.87237083333333
2019-02-27,NA,-15.13478125
2019-02-28,NA,-10.726525
2019-03-01,NA,-7.42508958333333
2019-03-02,NA,-4.33865625
2019-03-03,NA,-2.29488125
2019-03-04,NA,-2.31373541666667
2019-03-05,NA,-7.97454222222222
2019-03-06,NA,-10.6981625
2019-03-07,NA,-12.0424791666667
2019-03-08,NA,-8.01821458333333
2019-03-09,NA,-0.91276875
2019-03-10,NA,-5.35512708333333
2019-03-11,NA,1.65182083333333
2019-03-12,NA,-1.53093333333333
2019-03-13,NA,-1.28879375
2019-03-14,NA,2.22409791666667
2019-03-15,NA,6.35612083333333
2019-03-16,NA,4.73229583333333
2019-03-17,NA,-3.435225
2019-03-18,NA,-4.2307085106383
2019-03-19,NA,-3.67595416666667
2019-03-22,NA,1.02988125
2019-03-29,NA,6.25630869565217
2019-03-30,NA,3.0133
2019-03-31,NA,4.38543125
2019-04-01,NA,-1.05397916666667
2019-04-08,NA,0.619685416666667
2019-04-09,NA,-2.0756
2019-04-10,NA,-1.11662083333333
2019-04-15,NA,5.43891458333333
2019-04-24,NA,5.8117125
2019-04-26,NA,4.579125
2019-04-27,NA,4.44207916666667
2019-04-30,NA,5.1904875
2019-05-02,NA,4.99860208333333
2019-05-03,NA,5.14607916666667
2019-05-04,NA,10.13398125
2019-05-10,NA,5.49362083333333
2019-05-13,NA,8.97786666666667
2019-05-14,NA,3.43865416666667
2019-05-17,NA,8.2136375
2019-05-20,NA,16.8796645833333
2019-05-29,NA,7.03389333333333
2019-05-30,NA,12.1961625
2019-05-31,NA,15.1367791666667
2019-06-11,NA,16.992964
2019-06-13,NA,11.7995833333333
2019-06-14,NA,11.6216354166667
2019-06-21,NA,16.2250479166667
2019-06-25,NA,15.20965
2019-06-26,NA,18.84885625
2019-06-27,NA,20.40981875
2019-06-28,NA,22.3818854166667
2019-06-29,NA,22.1083395833333
2019-06-30,NA,17.5505083333333
2019-07-08,NA,18.8587489361702
2019-07-09,NA,21.6668458333333
2019-07-22,NA,20.8880638297872
2019-07-23,NA,17.382475
2019-08-05,NA,18.3063673913043
2019-08-06,NA,19.2517979166667
2019-08-26,NA,13.711712195122
2019-08-27,NA,15.7233615384615
2019-08-28,NA,17.8308666666667
2019-08-29,NA,19.4720875
2019-08-30,NA,18.6124604166667
2019-08-31,NA,17.3251791666667
2019-09-01,NA,15.3821708333333
2019-09-02,NA,14.26383125
2019-09-03,NA,16.5285347826087
2019-09-04,NA,15.5484208333333
2019-09-05,NA,16.2505666666667
2019-09-06,NA,13.58711875
2019-09-07,NA,13.5995791666667
2019-09-08,NA,13.6111979166667
2019-09-09,NA,12.91515
2019-09-10,NA,12.1578958333333
2019-09-11,NA,19.9469583333333
2019-09-12,NA,16.489225
2019-09-13,NA,11.60756875
2019-09-17,NA,13.84264375
2019-09-18,NA,10.8599041666667
2019-10-01,NA,10.8611595744681
2019-10-06,NA,4.78293125
2019-10-07,NA,14.8688395833333
2019-10-17,NA,8.79684166666667
2019-10-22,NA,8.72856666666667
2019-10-23,NA,10.6533708333333
2019-10-24,NA,12.4013208333333
2019-10-25,NA,10.4955416666667
2019-10-26,NA,7.37367708333333
2019-10-27,NA,2.94533125
2019-10-28,NA,6.78649166666667
2019-10-29,NA,8.33281333333333
2019-10-31,NA,12.96901875
2019-11-12,NA,-3.20398333333333
2019-11-14,NA,-8.78574583333333
2019-11-19,NA,1.99563333333333
2019-11-20,NA,1.18541458333333
2019-11-24,NA,-2.06542291666667
2019-11-25,NA,3.2660375
2019-11-26,NA,2.76169791666667
2019-11-27,NA,3.93441666666667
2019-11-28,NA,0.7612
2019-12-05,NA,-0.49701914893617
2019-12-06,NA,-3.74269375
2019-12-10,NA,9.59367708333333
2019-12-14,NA,2.58798958333333
2019-12-22,NA,-4.77671041666667
2019-12-26,NA,-2.74236666666667
2019-12-27,NA,-2.3162625
2020-01-01,NA,-0.32355625
2020-01-04,NA,2.78471458333333
2020-01-05,NA,-2.34817291666667
2020-01-06,NA,-8.07842708333333
2020-01-07,NA,-4.69726666666667
2020-01-08,NA,-3.4625
2020-01-12,NA,8.20063541666667
2020-01-14,NA,-1.3424875
2020-01-26,NA,1.92172916666667
2020-01-31,NA,-3.71889565217391
2020-02-06,NA,-6.0912125
2020-02-07,NA,-2.32163333333333
2020-02-08,NA,-9.35569583333333
2020-02-24,NA,3.59445416666667
2020-02-26,NA,2.86311875
2020-02-27,NA,1.11676041666667
2020-03-02,NA,-5.76942173913043
2020-03-03,NA,4.6352125
2020-03-04,NA,4.57043333333333
2020-03-13,NA,1.39288125
2020-03-19,NA,1.42443541666667
2020-03-20,NA,5.36402444444444
2020-03-29,NA,2.78692291666667
2020-03-30,NA,0.619758333333333
2020-04-03,NA,5.34002291666667
2020-04-09,NA,2.99050416666667
2020-04-13,NA,6.30110208333333
2020-04-21,NA,1.979975
2020-04-24,NA,4.24574791666667
2020-04-27,NA,2.5383
2020-04-30,NA,5.3110875
2020-05-01,NA,7.90496666666667
2020-05-09,NA,1.11635833333333
2020-06-29,NA,17.3793666666667
2020-06-30,NA,17.9664276595745
2020-07-01,NA,19.5887020833333
2020-07-02,NA,22.6689791666667
2020-07-07,NA,19.9713191489362
2020-07-08,NA,21.3478375
2020-07-09,NA,21.0578229166667
2020-07-11,NA,22.3274
2020-07-21,NA,23.1357416666667
2020-07-22,NA,19.49328125
2020-07-23,NA,20.1359916666667
2020-07-28,NA,26.3763041666667
2020-07-29,NA,22.783325
2020-08-05,NA,25.034380952381
2020-08-06,NA,19.5431166666667
2020-08-07,NA,18.3956770833333
2020-08-10,NA,23.137625
2020-08-17,NA,18.4439916666667
2020-08-18,NA,19.04723125
2020-08-27,NA,14.5851541666667
2020-08-28,NA,17.5247833333333
2020-08-29,NA,13.6256916666667
2020-08-30,NA,15.3569875
2020-08-31,NA,16.1616083333333
2020-09-01,NA,14.7491130434783
2020-09-02,NA,14.9166854166667
2020-09-03,NA,19.5969395833333
2020-09-04,NA,18.4613333333333
2020-09-05,NA,16.5218020833333
2020-09-06,NA,15.4796666666667
2020-09-07,NA,15.6137604166667
2020-09-08,NA,19.2938375
2020-09-09,NA,21.6544708333333
2020-09-10,NA,21.0060895833333
2020-09-11,NA,16.4857145833333
2020-09-12,NA,11.8833291666667
2020-09-13,NA,12.8231520833333
2020-09-14,NA,17.2010708333333
2020-09-15,NA,11.7279395833333
2020-09-16,NA,13.5502666666667
2020-09-17,NA,15.1642541666667
2020-09-18,NA,13.0192291666667
2020-09-19,NA,8.2248
2020-09-20,NA,7.56503541666667
2020-09-21,NA,7.96479166666667
2020-09-22,NA,9.44398541666667
2020-09-23,NA,15.9034208333333
2020-09-24,NA,18.5908333333333
2020-09-25,NA,17.56239375
2020-09-26,NA,16.53828125
2020-09-27,NA,18.1276208333333
2020-09-28,NA,21.3161416666667
2020-09-29,NA,20.1053333333333
2020-09-30,NA,18.38149375
2020-10-01,NA,15.1076833333333
2020-10-02,NA,10.0930666666667
2020-10-03,NA,9.87320208333333
2020-10-04,NA,8.65633958333333
2020-10-05,NA,10.0598520833333
2020-10-06,NA,11.07885625
2020-10-07,NA,12.9417634146341
2020-10-08,NA,8.53724375
2020-10-09,NA,6.26137708333333
2020-10-10,NA,13.4640979166667
2020-10-11,NA,17.373
2020-10-12,NA,NA
2020-10-13,NA,NA
2020-10-14,NA,14.7156947368421
2020-10-15,NA,11.6147770833333
2020-10-16,NA,11.9885875
2020-10-17,NA,6.42865208333333
2020-10-18,NA,5.31162708333333
2020-10-19,NA,7.99556041666667
2020-10-20,NA,10.2601833333333
2020-10-21,NA,10.45155
2020-10-22,NA,11.0463375
2020-10-23,NA,11.1775131578947
2020-10-24,NA,10.8154291666667
2020-10-25,NA,4.76834583333333
2020-10-26,NA,1.29371041666667
2020-10-27,NA,5.13019166666667
2020-10-28,NA,1.44420625
2020-10-29,NA,3.70571875
2020-10-30,NA,0.82846875
2020-10-31,NA,0.205520833333333
2020-11-01,NA,3.74114583333333
2020-11-02,NA,1.60735833333333
2020-11-03,NA,-0.850116666666667
2020-11-04,NA,-0.119422916666667
2020-11-05,NA,5.73564375
2020-11-06,NA,13.7859208333333
2020-11-07,NA,18.49473125
2020-11-08,NA,17.0848333333333
2020-11-09,NA,13.8821
2020-11-10,NA,15.2785645833333
2020-11-11,NA,16.06254375
2020-11-12,NA,12.8582479166667
2020-11-13,NA,1.86704166666667
2020-11-14,NA,3.12746875
2020-11-15,NA,0.768489583333333
2020-11-16,NA,5.5793875
2020-11-17,NA,2.67301458333333
2020-11-18,NA,-4.63382291666667
2020-11-19,NA,-6.07360208333333
2020-11-20,NA,2.68253125
2020-11-21,NA,9.85118125
2020-11-22,NA,-0.2141
2020-11-23,NA,0.529427083333333
2020-11-24,NA,-1.86421875
2020-11-25,NA,-6.17708125
2020-11-26,NA,-0.0835208333333333
2020-11-27,NA,6.11104166666667
2020-11-28,NA,4.53013125
2020-11-29,NA,4.03365625
2020-11-30,NA,0.954816666666667
2020-12-01,NA,13.7436520833333
2020-12-02,NA,2.94156666666667
2020-12-03,NA,1.76466808510638
2020-12-04,NA,4.2920625
2020-12-05,NA,3.14217291666667
2020-12-06,NA,-2.84498333333333
2020-12-07,NA,-4.16751041666667
2020-12-11,NA,-0.145060416666667
2020-12-12,NA,0.529052083333333
2020-12-13,NA,2.12655416666667
2020-12-15,NA,-4.7476375
2020-12-19,NA,-7.39082083333333
2020-12-22,NA,1.71560833333333
2020-12-23,NA,-2.142625
2020-12-24,NA,2.19800416666667
2020-12-25,NA,10.5944708333333
2020-12-26,NA,1.79282083333333
2020-12-27,NA,-2.26820625
2020-12-28,NA,-3.0576625
2020-12-29,NA,-2.73692291666667
2020-12-30,NA,-5.20981666666667
2021-01-04,NA,-3.2360125
2021-01-05,NA,-2.62806666666667
2021-01-06,NA,-1.86180217391304
2021-01-07,NA,-3.04728541666667
2021-01-13,NA,-1.60026458333333
2021-01-14,NA,-1.41283958333333
2021-01-15,NA,0.2567375
2021-01-16,NA,-0.00138125
2021-01-17,NA,1.42462083333333
2021-01-20,NA,-5.36046304347826
2021-01-21,NA,-10.8308520833333
2021-01-22,NA,-6.50892291666667
2021-02-01,NA,-9.39129583333333
2021-02-05,NA,-5.5616
2021-02-18,NA,-6.80098333333333
2021-03-01,NA,1.69021666666667
2021-03-04,NA,-4.3403652173913
2021-03-06,NA,-9.44722291666667
2021-03-07,NA,-6.94714791666667
2021-03-18,NA,3.01542826086957
2021-03-25,NA,8.75264782608696
2021-03-26,NA,8.00943333333333
2021-03-28,NA,2.65781666666667
2021-04-01,NA,5.11244583333333
2021-04-09,NA,13.1415458333333
2021-04-15,NA,8.32272765957447
2021-04-16,NA,2.10919583333333
2021-04-17,NA,2.67961666666667
2021-04-29,NA,10.12079375
2021-04-30,NA,9.278075
2021-05-05,NA,9.065375
2021-05-15,NA,16.5005229166667
2021-05-16,NA,16.9552645833333
2021-05-31,NA,9.58555
2021-06-03,NA,18.5742166666667
2021-06-04,NA,20.5275375
2021-06-11,NA,13.6711270833333
2021-06-15,NA,16.52165
2021-07-01,NA,21.8654511627907
2021-07-02,NA,15.3371583333333
2021-07-03,NA,11.89831875
2021-07-04,NA,13.02369375
2021-07-05,NA,15.4483708333333
2021-07-09,NA,15.23075625
2021-07-14,NA,19.1038229166667
2021-07-18,NA,17.2342041666667
2021-07-25,NA,17.32766875
2021-08-03,NA,17.3777729166667
2021-08-18,NA,21.4015108108108
2021-08-19,NA,20.3796375
2021-08-20,NA,22.9686208333333
2021-08-21,NA,23.0560479166667
2021-08-22,NA,20.3326979166667
2021-08-23,NA,19.6968583333333
2021-08-24,NA,23.0744104166667
2021-08-29,NA,14.4797479166667
2021-09-02,NA,15.1391708333333
2021-09-06,NA,17.1907979166667
2021-09-08,NA,16.7850541666667
2021-09-09,NA,18.9828270833333
2021-09-14,NA,15.5341418604651
2021-09-15,NA,18.1392125
2021-09-18,NA,19.509175
2021-09-22,NA,16.1853875
2021-09-29,NA,10.0540744680851
2021-09-30,NA,9.7490125
2021-10-03,NA,10.46071875
2021-10-04,NA,11.0438541666667
2021-10-05,NA,12.6676875
2021-10-16,NA,16.8136104166667
2021-10-25,NA,3.979875
2021-10-26,NA,6.60798958333333
2021-10-30,NA,5.41628125
2021-10-31,NA,11.18393125
2021-11-12,NA,5.99418125
2021-11-13,NA,7.226525
2021-11-15,NA,1.61798541666667
2021-11-29,NA,-3.25486041666667
2021-12-02,NA,-2.03913125
2021-12-03,NA,0.193741666666667
2021-12-06,NA,0.192866666666667
2021-12-11,NA,-2.43241875
2021-12-15,NA,-1.12507291666667
2021-12-16,NA,0.509385416666667
2021-12-17,NA,8.74902708333333
2021-12-31,NA,0.626047916666667
2022-01-01,NA,0.272616666666667
2022-01-21,NA,-13.4222145833333
2022-01-22,NA,-16.0661229166667
2022-01-27,NA,-16.4722875
2022-01-28,NA,-9.15948125
2022-02-01,NA,-9.63908958333333
2022-02-02,NA,-1.58450416666667
2022-02-03,NA,5.13110625
2022-02-04,NA,-2.9347
2022-02-05,NA,-10.3860270833333
2022-02-07,NA,-9.64483541666667
2022-02-08,NA,-0.78913125
2022-03-12,NA,-0.386964583333333
2022-03-16,NA,2.99212291666667
2022-03-17,NA,6.19226666666667
2022-03-24,NA,1.12887708333333
2022-03-25,NA,3.95885625
2022-03-26,NA,5.81189375
2022-04-08,NA,4.89879791666667
2022-04-25,NA,9.76219583333333
2022-04-26,NA,8.73326041666667
2022-04-27,NA,7.52770625
2022-04-28,NA,2.44354791666667
2022-04-29,NA,3.48169583333333
2022-04-30,NA,6.72649791666667
2022-05-01,NA,11.9087
2022-05-02,NA,9.0258829787234
2022-05-11,NA,14.5696833333333
2022-05-20,NA,10.57191875
2022-06-02,NA,13.26944375
2022-06-09,NA,13.7718916666667
2022-06-20,NA,14.6798375
2022-07-12,NA,20.6106020833333
2022-07-13,NA,21.7560833333333
2022-07-14,NA,19.3830104166667
2022-07-29,NA,22.41704375
2022-08-01,NA,21.8724390243902
2022-08-02,NA,21.81285625
2022-08-10,NA,18.1856166666667
2022-08-15,NA,19.378025
2022-08-16,NA,19.4670541666667
2022-08-17,NA,17.0978583333333
2022-08-18,NA,16.0754583333333
2022-08-19,NA,21.0308291666667
2022-08-20,NA,21.3071020833333
2022-08-23,NA,20.2515458333333
2022-09-01,NA,15.5391916666667
2022-09-05,NA,15.4398979166667
2022-09-06,NA,13.5991229166667
2022-09-19,NA,11.2213
2022-09-20,NA,11.3879604166667
2022-09-29,NA,11.1766666666667
2022-09-30,NA,8.66855625
2022-10-12,NA,11.6955042553191
2022-10-13,NA,10.7254375
2022-10-14,NA,15.4330604166667
2022-10-18,NA,10.95620625
2022-10-22,NA,8.45739583333333
2022-10-24,NA,12.3367895833333
2022-10-26,NA,16.1358666666667
2022-10-28,NA,6.3097625
2022-11-08,NA,5.72415625
2022-11-10,NA,7.41059166666667
2022-11-20,NA,-2.67717777777778
2022-11-28,NA,3.74714791666667
2022-12-03,NA,1.60448958333333
2022-12-05,NA,-2.83207291666667
2022-12-07,NA,5.74314166666667
2022-12-17,NA,0.499729268292683
2022-12-18,NA,-0.433691666666667
2022-12-29,NA,-2.586975
2022-12-30,NA,1.65991041666667
2023-01-01,NA,6.03794791666667
2023-01-03,NA,0.87965625
2023-01-05,NA,0.586352083333333
2023-01-06,NA,-0.888291666666667
2023-01-07,NA,-1.41605
2023-01-11,NA,-8.68083541666667
2023-01-13,NA,-0.115554166666667
2023-01-19,NA,1.25228541666667
2023-01-20,NA,-2.04726666666667
2023-01-22,NA,-6.90242916666667
2023-02-01,NA,-10.31140625
2023-02-02,NA,-8.1757625
2023-02-10,NA,3.27094680851064
2023-02-26,NA,-13.7119625
2023-03-14,NA,-0.451204166666667
2023-03-18,NA,2.8298
2023-04-17,NA,NA
2023-04-18,NA,NA
2023-04-24,NA,5.34615294117647
2023-04-25,NA,4.44183125
2023-05-01,NA,9.70502291666667
2023-08-07,NA,15.7563093023256
2023-08-08,NA,17.1500520833333
2023-08-26,NA,18.5213708333333
2023-08-27,NA,17.8790020833333
2023-08-28,NA,17.8527
2023-08-30,NA,18.8354212765957
2023-09-19,NA,15.2147166666667
2023-10-10,NA,7.25320208333333
2023-10-18,NA,9.65138510638298
2023-10-19,NA,10.1195833333333
2023-10-20,NA,11.2544
2023-10-25,NA,10.0723395833333
2023-10-27,NA,17.11621875
2023-11-26,NA,-2.29668333333333
2023-11-27,NA,2.7383375
2023-12-03,NA,1.08581875
2023-12-04,NA,-1.03433958333333
2023-12-05,NA,-2.6620125
2023-12-10,NA,1.02730833333333
2023-12-11,NA,3.72020833333333
2023-12-18,NA,8.28126458333333
2023-12-24,NA,-0.682947916666667
2023-12-25,NA,1.26585416666667
2023-12-26,NA,1.3719
2023-12-28,NA,3.25635625
2023-12-29,NA,3.449425
2023-12-30,NA,1.3594375
2024-01-16,NA,-9.01700208333333
2024-01-25,NA,0.931383333333333
2024-01-27,NA,-0.106708333333333
2024-01-28,NA,-0.69813125
2024-01-30,NA,-4.59052916666667
2024-01-31,NA,-5.16046666666667
2024-02-01,NA,-5.13836041666667
2024-02-02,NA,-0.3534125
2024-02-15,NA,-5.32006666666667
2024-02-16,NA,-4.93398125
2024-02-28,NA,4.03200208333333
2024-03-03,NA,5.74958958333333
2024-03-05,NA,1.96723958333333
2024-03-06,NA,5.632675
2024-03-10,NA,1.3738875
2024-03-11,NA,-1.49905625
2024-03-12,NA,1.09492291666667
2024-03-13,NA,4.61185
2024-03-14,NA,4.900825
2024-03-15,NA,2.56425
2024-03-16,NA,2.91952916666667
2024-03-17,NA,2.89904583333333
2024-03-18,NA,2.41123541666667
2024-03-26,NA,0.843077083333333
2024-03-27,NA,3.82475625
2024-03-28,NA,5.39407708333333
2024-03-30,NA,1.93776470588235
2024-03-31,NA,5.34712916666667
2024-04-04,NA,-0.833815
2024-04-05,NA,2.812972
2024-04-06,NA,2.41014375
2024-04-07,NA,4.06219166666667
2024-04-08,NA,10.0669145833333
2024-04-11,NA,3.97402083333333
2024-04-12,NA,7.66590833333333
2024-04-16,NA,7.83571041666667
2024-04-17,NA,6.86350416666667
2024-04-28,NA,8.73064583333333
2024-05-02,NA,8.87666875
2024-05-03,NA,13.525072
2024-05-05,NA,8.38946875
2024-05-16,NA,16.0511020833333
2024-05-17,NA,16.0221895833333
2024-05-18,NA,14.6832166666667
2024-05-19,NA,13.7872729166667
2024-05-20,NA,15.7913020833333
2024-05-21,NA,20.3153583333333
2024-05-22,NA,24.2113375
2024-05-23,NA,22.62881875
2024-05-24,NA,18.710225
2024-05-25,NA,16.3970791666667
2024-05-26,NA,18.5771291666667
2024-05-27,NA,13.8234791666667
2024-05-28,NA,17.86786875
2024-05-29,NA,15.8882916666667
2024-05-30,NA,12.57405625
2024-05-31,NA,15.2482479166667
2024-06-01,NA,17.240875
2024-06-02,NA,18.4899229166667
2024-06-03,NA,22.8753166666667
2024-06-07,NA,17.934375
2024-06-09,NA,14.8137708333333
2024-06-22,NA,16.2190520833333
2024-06-23,NA,15.1911041666667
2024-06-30,NA,19.979825
